series_code,price_date,value
SALMON_NOK_KG,2024-08-01,86.950439
SALMON_NOK_KG,2024-08-02,87.221778
SALMON_NOK_KG,2024-08-03,86.511142
SALMON_NOK_KG,2024-08-04,86.375959
SALMON_NOK_KG,2024-08-05,86.065331
SALMON_NOK_KG,2024-08-06,87.553575
SALMON_NOK_KG,2024-08-07,86.815399
SALMON_NOK_KG,2024-08-08,87.365931
SALMON_NOK_KG,2024-08-09,87.576610
SALMON_NOK_KG,2024-08-10,87.015274
SALMON_NOK_KG,2024-08-11,84.868161
SALMON_NOK_KG,2024-08-12,83.855290
SALMON_NOK_KG,2024-08-13,84.877853
SALMON_NOK_KG,2024-08-14,84.860159
SALMON_NOK_KG,2024-08-15,86.042941
SALMON_NOK_KG,2024-08-16,83.949161
SALMON_NOK_KG,2024-08-17,85.247486
SALMON_NOK_KG,2024-08-18,87.470470
SALMON_NOK_KG,2024-08-19,88.424375
SALMON_NOK_KG,2024-08-20,89.209043
SALMON_NOK_KG,2024-08-21,87.794676
SALMON_NOK_KG,2024-08-22,87.128027
SALMON_NOK_KG,2024-08-23,87.251513
SALMON_NOK_KG,2024-08-24,85.906278
SALMON_NOK_KG,2024-08-25,84.685338
SALMON_NOK_KG,2024-08-26,86.569367
SALMON_NOK_KG,2024-08-27,85.986055
SALMON_NOK_KG,2024-08-28,85.424321
SALMON_NOK_KG,2024-08-29,85.242655
SALMON_NOK_KG,2024-08-30,85.207419
SALMON_NOK_KG,2024-08-31,84.682394
SALMON_NOK_KG,2024-09-01,85.602666
SALMON_NOK_KG,2024-09-02,85.450689
SALMON_NOK_KG,2024-09-03,86.704605
SALMON_NOK_KG,2024-09-04,87.841188
SALMON_NOK_KG,2024-09-05,87.342739
SALMON_NOK_KG,2024-09-06,88.969004
SALMON_NOK_KG,2024-09-07,88.204715
SALMON_NOK_KG,2024-09-08,86.524329
SALMON_NOK_KG,2024-09-09,86.323230
SALMON_NOK_KG,2024-09-10,85.631520
SALMON_NOK_KG,2024-09-11,85.533762
SALMON_NOK_KG,2024-09-12,85.046835
SALMON_NOK_KG,2024-09-13,87.087433
SALMON_NOK_KG,2024-09-14,88.110380
SALMON_NOK_KG,2024-09-15,89.816966
SALMON_NOK_KG,2024-09-16,88.571750
SALMON_NOK_KG,2024-09-17,88.384222
SALMON_NOK_KG,2024-09-18,87.369997
SALMON_NOK_KG,2024-09-19,88.129025
SALMON_NOK_KG,2024-09-20,87.680819
SALMON_NOK_KG,2024-09-21,89.030878
SALMON_NOK_KG,2024-09-22,88.923831
SALMON_NOK_KG,2024-09-23,87.379962
SALMON_NOK_KG,2024-09-24,86.748705
SALMON_NOK_KG,2024-09-25,86.129339
SALMON_NOK_KG,2024-09-26,85.665546
SALMON_NOK_KG,2024-09-27,84.670618
SALMON_NOK_KG,2024-09-28,83.615484
SALMON_NOK_KG,2024-09-29,83.734999
SALMON_NOK_KG,2024-09-30,83.605574
SALMON_NOK_KG,2024-10-01,82.844458
SALMON_NOK_KG,2024-10-02,82.442955
SALMON_NOK_KG,2024-10-03,82.600595
SALMON_NOK_KG,2024-10-04,84.618810
SALMON_NOK_KG,2024-10-05,84.183503
SALMON_NOK_KG,2024-10-06,85.191775
SALMON_NOK_KG,2024-10-07,86.206707
SALMON_NOK_KG,2024-10-08,86.777246
SALMON_NOK_KG,2024-10-09,86.044414
SALMON_NOK_KG,2024-10-10,86.381408
SALMON_NOK_KG,2024-10-11,87.471998
SALMON_NOK_KG,2024-10-12,87.985122
SALMON_NOK_KG,2024-10-13,87.392215
SALMON_NOK_KG,2024-10-14,88.520649
SALMON_NOK_KG,2024-10-15,86.611440
SALMON_NOK_KG,2024-10-16,84.330366
SALMON_NOK_KG,2024-10-17,85.050597
SALMON_NOK_KG,2024-10-18,85.561883
SALMON_NOK_KG,2024-10-19,87.012696
SALMON_NOK_KG,2024-10-20,87.411797
SALMON_NOK_KG,2024-10-21,87.732419
SALMON_NOK_KG,2024-10-22,88.430158
SALMON_NOK_KG,2024-10-23,87.666016
SALMON_NOK_KG,2024-10-24,89.917018
SALMON_NOK_KG,2024-10-25,90.444603
SALMON_NOK_KG,2024-10-26,90.228198
SALMON_NOK_KG,2024-10-27,91.023190
SALMON_NOK_KG,2024-10-28,92.250520
SALMON_NOK_KG,2024-10-29,92.270880
SALMON_NOK_KG,2024-10-30,89.183876
SALMON_NOK_KG,2024-10-31,88.491886
SALMON_NOK_KG,2024-11-01,87.256940
SALMON_NOK_KG,2024-11-02,85.877847
SALMON_NOK_KG,2024-11-03,85.539939
SALMON_NOK_KG,2024-11-04,86.262825
SALMON_NOK_KG,2024-11-05,87.898513
SALMON_NOK_KG,2024-11-06,88.637649
SALMON_NOK_KG,2024-11-07,88.048363
SALMON_NOK_KG,2024-11-08,86.962459
SALMON_NOK_KG,2024-11-09,86.099331
SALMON_NOK_KG,2024-11-10,85.744583
SALMON_NOK_KG,2024-11-11,88.245505
SALMON_NOK_KG,2024-11-12,87.529811
SALMON_NOK_KG,2024-11-13,89.000246
SALMON_NOK_KG,2024-11-14,90.250090
SALMON_NOK_KG,2024-11-15,90.014479
SALMON_NOK_KG,2024-11-16,90.656641
SALMON_NOK_KG,2024-11-17,90.934808
SALMON_NOK_KG,2024-11-18,90.801658
SALMON_NOK_KG,2024-11-19,89.691651
SALMON_NOK_KG,2024-11-20,88.831716
SALMON_NOK_KG,2024-11-21,90.463777
SALMON_NOK_KG,2024-11-22,88.885387
SALMON_NOK_KG,2024-11-23,90.948240
SALMON_NOK_KG,2024-11-24,91.560741
SALMON_NOK_KG,2024-11-25,92.960815
SALMON_NOK_KG,2024-11-26,92.978932
SALMON_NOK_KG,2024-11-27,94.985823
SALMON_NOK_KG,2024-11-28,96.371077
SALMON_NOK_KG,2024-11-29,98.392842
SALMON_NOK_KG,2024-11-30,98.865299
SALMON_NOK_KG,2024-12-01,97.145223
SALMON_NOK_KG,2024-12-02,96.246973
SALMON_NOK_KG,2024-12-03,98.434032
SALMON_NOK_KG,2024-12-04,97.710019
SALMON_NOK_KG,2024-12-05,99.117626
SALMON_NOK_KG,2024-12-06,100.336354
SALMON_NOK_KG,2024-12-07,98.703686
SALMON_NOK_KG,2024-12-08,97.687454
SALMON_NOK_KG,2024-12-09,97.914561
SALMON_NOK_KG,2024-12-10,97.716954
SALMON_NOK_KG,2024-12-11,99.128388
SALMON_NOK_KG,2024-12-12,98.415904
SALMON_NOK_KG,2024-12-13,96.719924
SALMON_NOK_KG,2024-12-14,96.445301
SALMON_NOK_KG,2024-12-15,97.731180
SALMON_NOK_KG,2024-12-16,97.982930
SALMON_NOK_KG,2024-12-17,96.879935
SALMON_NOK_KG,2024-12-18,97.530008
SALMON_NOK_KG,2024-12-19,96.700518
SALMON_NOK_KG,2024-12-20,95.756523
SALMON_NOK_KG,2024-12-21,96.014457
SALMON_NOK_KG,2024-12-22,97.048367
SALMON_NOK_KG,2024-12-23,96.458632
SALMON_NOK_KG,2024-12-24,94.975529
SALMON_NOK_KG,2024-12-25,96.075701
SALMON_NOK_KG,2024-12-26,95.316367
SALMON_NOK_KG,2024-12-27,95.801745
SALMON_NOK_KG,2024-12-28,95.712604
SALMON_NOK_KG,2024-12-29,95.693682
SALMON_NOK_KG,2024-12-30,95.509412
SALMON_NOK_KG,2024-12-31,96.882279
SALMON_NOK_KG,2025-01-01,96.925224
SALMON_NOK_KG,2025-01-02,96.273242
SALMON_NOK_KG,2025-01-03,96.004654
SALMON_NOK_KG,2025-01-04,95.682648
SALMON_NOK_KG,2025-01-05,95.404739
SALMON_NOK_KG,2025-01-06,97.310085
SALMON_NOK_KG,2025-01-07,94.294584
SALMON_NOK_KG,2025-01-08,95.873031
SALMON_NOK_KG,2025-01-09,95.031269
SALMON_NOK_KG,2025-01-10,97.830259
SALMON_NOK_KG,2025-01-11,99.121998
SALMON_NOK_KG,2025-01-12,100.005508
SALMON_NOK_KG,2025-01-13,101.316145
SALMON_NOK_KG,2025-01-14,103.247241
SALMON_NOK_KG,2025-01-15,104.910023
SALMON_NOK_KG,2025-01-16,103.694368
SALMON_NOK_KG,2025-01-17,102.614370
SALMON_NOK_KG,2025-01-18,101.398577
SALMON_NOK_KG,2025-01-19,103.008898
SALMON_NOK_KG,2025-01-20,103.059708
SALMON_NOK_KG,2025-01-21,103.105106
SALMON_NOK_KG,2025-01-22,103.858300
SALMON_NOK_KG,2025-01-23,101.435616
SALMON_NOK_KG,2025-01-24,100.919658
SALMON_NOK_KG,2025-01-25,100.016840
SALMON_NOK_KG,2025-01-26,97.436631
SALMON_NOK_KG,2025-01-27,98.734795
SALMON_NOK_KG,2025-01-28,98.315368
SALMON_NOK_KG,2025-01-29,95.907303
SALMON_NOK_KG,2025-01-30,96.155325
SALMON_NOK_KG,2025-01-31,95.762312
SALMON_NOK_KG,2025-02-01,94.273698
SALMON_NOK_KG,2025-02-02,92.012199
SALMON_NOK_KG,2025-02-03,92.383955
SALMON_NOK_KG,2025-02-04,92.081933
SALMON_NOK_KG,2025-02-05,89.862478
SALMON_NOK_KG,2025-02-06,90.331980
SALMON_NOK_KG,2025-02-07,88.944432
SALMON_NOK_KG,2025-02-08,87.328310
SALMON_NOK_KG,2025-02-09,86.579963
SALMON_NOK_KG,2025-02-10,85.499620
SALMON_NOK_KG,2025-02-11,86.631661
SALMON_NOK_KG,2025-02-12,85.672287
SALMON_NOK_KG,2025-02-13,86.448053
SALMON_NOK_KG,2025-02-14,86.233370
SALMON_NOK_KG,2025-02-15,85.797101
SALMON_NOK_KG,2025-02-16,84.604731
SALMON_NOK_KG,2025-02-17,84.903634
SALMON_NOK_KG,2025-02-18,82.315298
SALMON_NOK_KG,2025-02-19,82.053370
SALMON_NOK_KG,2025-02-20,82.071576
SALMON_NOK_KG,2025-02-21,80.295688
SALMON_NOK_KG,2025-02-22,79.542224
SALMON_NOK_KG,2025-02-23,79.025577
SALMON_NOK_KG,2025-02-24,79.060151
SALMON_NOK_KG,2025-02-25,78.901289
SALMON_NOK_KG,2025-02-26,77.526460
SALMON_NOK_KG,2025-02-27,77.477873
SALMON_NOK_KG,2025-02-28,78.716272
SALMON_NOK_KG,2025-03-01,77.199109
SALMON_NOK_KG,2025-03-02,76.360160
SALMON_NOK_KG,2025-03-03,76.938304
SALMON_NOK_KG,2025-03-04,76.093688
SALMON_NOK_KG,2025-03-05,76.177000
SALMON_NOK_KG,2025-03-06,75.638717
SALMON_NOK_KG,2025-03-07,75.883426
SALMON_NOK_KG,2025-03-08,77.272516
SALMON_NOK_KG,2025-03-09,76.828871
SALMON_NOK_KG,2025-03-10,78.371200
SALMON_NOK_KG,2025-03-11,77.181670
SALMON_NOK_KG,2025-03-12,77.134854
SALMON_NOK_KG,2025-03-13,77.912051
SALMON_NOK_KG,2025-03-14,78.287919
SALMON_NOK_KG,2025-03-15,79.446679
SALMON_NOK_KG,2025-03-16,77.799937
SALMON_NOK_KG,2025-03-17,76.298862
SALMON_NOK_KG,2025-03-18,77.796950
SALMON_NOK_KG,2025-03-19,78.136350
SALMON_NOK_KG,2025-03-20,78.626933
SALMON_NOK_KG,2025-03-21,79.250573
SALMON_NOK_KG,2025-03-22,79.134244
SALMON_NOK_KG,2025-03-23,79.957621
SALMON_NOK_KG,2025-03-24,78.583777
SALMON_NOK_KG,2025-03-25,78.300379
SALMON_NOK_KG,2025-03-26,79.351402
SALMON_NOK_KG,2025-03-27,78.813878
SALMON_NOK_KG,2025-03-28,80.112940
SALMON_NOK_KG,2025-03-29,81.306678
SALMON_NOK_KG,2025-03-30,82.554706
SALMON_NOK_KG,2025-03-31,83.773605
SALMON_NOK_KG,2025-04-01,84.860349
SALMON_NOK_KG,2025-04-02,84.086654
SALMON_NOK_KG,2025-04-03,84.910411
SALMON_NOK_KG,2025-04-04,84.983273
SALMON_NOK_KG,2025-04-05,85.998178
SALMON_NOK_KG,2025-04-06,84.373603
SALMON_NOK_KG,2025-04-07,84.579119
SALMON_NOK_KG,2025-04-08,86.573321
SALMON_NOK_KG,2025-04-09,84.649842
SALMON_NOK_KG,2025-04-10,84.430246
SALMON_NOK_KG,2025-04-11,85.420527
SALMON_NOK_KG,2025-04-12,85.367199
SALMON_NOK_KG,2025-04-13,86.557940
SALMON_NOK_KG,2025-04-14,87.228235
SALMON_NOK_KG,2025-04-15,87.305373
SALMON_NOK_KG,2025-04-16,89.217324
SALMON_NOK_KG,2025-04-17,88.928869
SALMON_NOK_KG,2025-04-18,88.036116
SALMON_NOK_KG,2025-04-19,88.148012
SALMON_NOK_KG,2025-04-20,90.338481
SALMON_NOK_KG,2025-04-21,89.098427
SALMON_NOK_KG,2025-04-22,88.649779
SALMON_NOK_KG,2025-04-23,89.058121
SALMON_NOK_KG,2025-04-24,89.733689
SALMON_NOK_KG,2025-04-25,89.024131
SALMON_NOK_KG,2025-04-26,89.109152
SALMON_NOK_KG,2025-04-27,88.405761
SALMON_NOK_KG,2025-04-28,89.867497
SALMON_NOK_KG,2025-04-29,91.259239
SALMON_NOK_KG,2025-04-30,91.418340
SALMON_NOK_KG,2025-05-01,90.997597
SALMON_NOK_KG,2025-05-02,91.485017
SALMON_NOK_KG,2025-05-03,90.481858
SALMON_NOK_KG,2025-05-04,90.899177
SALMON_NOK_KG,2025-05-05,92.249798
SALMON_NOK_KG,2025-05-06,93.069899
SALMON_NOK_KG,2025-05-07,92.255581
SALMON_NOK_KG,2025-05-08,90.672052
SALMON_NOK_KG,2025-05-09,88.262149
SALMON_NOK_KG,2025-05-10,86.932265
SALMON_NOK_KG,2025-05-11,86.916910
SALMON_NOK_KG,2025-05-12,85.888356
SALMON_NOK_KG,2025-05-13,87.783405
SALMON_NOK_KG,2025-05-14,87.842528
SALMON_NOK_KG,2025-05-15,88.092400
SALMON_NOK_KG,2025-05-16,88.817112
SALMON_NOK_KG,2025-05-17,88.392253
SALMON_NOK_KG,2025-05-18,88.719889
SALMON_NOK_KG,2025-05-19,89.933040
SALMON_NOK_KG,2025-05-20,89.941355
SALMON_NOK_KG,2025-05-21,91.083042
SALMON_NOK_KG,2025-05-22,94.343182
SALMON_NOK_KG,2025-05-23,93.145010
SALMON_NOK_KG,2025-05-24,93.887999
SALMON_NOK_KG,2025-05-25,92.241547
SALMON_NOK_KG,2025-05-26,89.014141
SALMON_NOK_KG,2025-05-27,88.701051
SALMON_NOK_KG,2025-05-28,88.145667
SALMON_NOK_KG,2025-05-29,87.881656
SALMON_NOK_KG,2025-05-30,88.049691
SALMON_NOK_KG,2025-05-31,88.788351
SALMON_NOK_KG,2025-06-01,87.366401
SALMON_NOK_KG,2025-06-02,86.510125
SALMON_NOK_KG,2025-06-03,86.954210
SALMON_NOK_KG,2025-06-04,87.372689
SALMON_NOK_KG,2025-06-05,88.148631
SALMON_NOK_KG,2025-06-06,88.245346
SALMON_NOK_KG,2025-06-07,88.164635
SALMON_NOK_KG,2025-06-08,86.752562
SALMON_NOK_KG,2025-06-09,85.098720
SALMON_NOK_KG,2025-06-10,84.970329
SALMON_NOK_KG,2025-06-11,85.497391
SALMON_NOK_KG,2025-06-12,84.601945
SALMON_NOK_KG,2025-06-13,84.098562
SALMON_NOK_KG,2025-06-14,84.705732
SALMON_NOK_KG,2025-06-15,86.086517
SALMON_NOK_KG,2025-06-16,84.218624
SALMON_NOK_KG,2025-06-17,81.917842
SALMON_NOK_KG,2025-06-18,82.153788
SALMON_NOK_KG,2025-06-19,82.589027
SALMON_NOK_KG,2025-06-20,80.268070
SALMON_NOK_KG,2025-06-21,80.735069
SALMON_NOK_KG,2025-06-22,79.809051
SALMON_NOK_KG,2025-06-23,80.774699
SALMON_NOK_KG,2025-06-24,80.685873
SALMON_NOK_KG,2025-06-25,80.294369
SALMON_NOK_KG,2025-06-26,80.645243
SALMON_NOK_KG,2025-06-27,80.408513
SALMON_NOK_KG,2025-06-28,81.969671
SALMON_NOK_KG,2025-06-29,84.231942
SALMON_NOK_KG,2025-06-30,85.413046
SALMON_NOK_KG,2025-07-01,84.294884
SALMON_NOK_KG,2025-07-02,82.065880
SALMON_NOK_KG,2025-07-03,81.181413
SALMON_NOK_KG,2025-07-04,81.147964
SALMON_NOK_KG,2025-07-05,81.221395
SALMON_NOK_KG,2025-07-06,80.873883
SALMON_NOK_KG,2025-07-07,80.910149
SALMON_NOK_KG,2025-07-08,80.944626
SALMON_NOK_KG,2025-07-09,80.236020
SALMON_NOK_KG,2025-07-10,80.863077
SALMON_NOK_KG,2025-07-11,80.101866
SALMON_NOK_KG,2025-07-12,82.314318
SALMON_NOK_KG,2025-07-13,83.045869
SALMON_NOK_KG,2025-07-14,82.996366
SALMON_NOK_KG,2025-07-15,83.872509
SALMON_NOK_KG,2025-07-16,81.885844
SALMON_NOK_KG,2025-07-17,79.683764
SALMON_NOK_KG,2025-07-18,79.837637
SALMON_NOK_KG,2025-07-19,80.089839
SALMON_NOK_KG,2025-07-20,79.505670
SALMON_NOK_KG,2025-07-21,80.938020
SALMON_NOK_KG,2025-07-22,79.609727
SALMON_NOK_KG,2025-07-23,81.405049
SALMON_NOK_KG,2025-07-24,81.825068
SALMON_NOK_KG,2025-07-25,82.502121
SALMON_NOK_KG,2025-07-26,84.097493
SALMON_NOK_KG,2025-07-27,83.027866
SALMON_NOK_KG,2025-07-28,83.493723
SALMON_NOK_KG,2025-07-29,83.575335
SALMON_NOK_KG,2025-07-30,84.700601
SALMON_NOK_KG,2025-07-31,84.705076
SALMON_NOK_KG,2025-08-01,84.247119
SALMON_NOK_KG,2025-08-02,85.368704
SALMON_NOK_KG,2025-08-03,85.759298
SALMON_NOK_KG,2025-08-04,85.579053
SALMON_NOK_KG,2025-08-05,83.246293
SALMON_NOK_KG,2025-08-06,83.585990
SALMON_NOK_KG,2025-08-07,83.465300
SALMON_NOK_KG,2025-08-08,82.993470
SALMON_NOK_KG,2025-08-09,83.568704
SALMON_NOK_KG,2025-08-10,82.344464
SALMON_NOK_KG,2025-08-11,82.508978
SALMON_NOK_KG,2025-08-12,82.603185
SALMON_NOK_KG,2025-08-13,83.713904
SALMON_NOK_KG,2025-08-14,82.172485
SALMON_NOK_KG,2025-08-15,83.181295
SALMON_NOK_KG,2025-08-16,83.510572
SALMON_NOK_KG,2025-08-17,84.722415
SALMON_NOK_KG,2025-08-18,85.305235
SALMON_NOK_KG,2025-08-19,83.372366
SALMON_NOK_KG,2025-08-20,82.886629
SALMON_NOK_KG,2025-08-21,83.103382
SALMON_NOK_KG,2025-08-22,82.578750
SALMON_NOK_KG,2025-08-23,82.042935
SALMON_NOK_KG,2025-08-24,81.599425
SALMON_NOK_KG,2025-08-25,82.551777
SALMON_NOK_KG,2025-08-26,81.036747
SALMON_NOK_KG,2025-08-27,79.955959
SALMON_NOK_KG,2025-08-28,78.591121
SALMON_NOK_KG,2025-08-29,78.346696
SALMON_NOK_KG,2025-08-30,77.141973
SALMON_NOK_KG,2025-08-31,76.843569
SALMON_NOK_KG,2025-09-01,75.838107
SALMON_NOK_KG,2025-09-02,75.080691
SALMON_NOK_KG,2025-09-03,75.863287
SALMON_NOK_KG,2025-09-04,75.981767
SALMON_NOK_KG,2025-09-05,75.343093
SALMON_NOK_KG,2025-09-06,75.988922
SALMON_NOK_KG,2025-09-07,77.413743
SALMON_NOK_KG,2025-09-08,78.709991
SALMON_NOK_KG,2025-09-09,78.493638
SALMON_NOK_KG,2025-09-10,79.701885
SALMON_NOK_KG,2025-09-11,80.342315
SALMON_NOK_KG,2025-09-12,79.444770
SALMON_NOK_KG,2025-09-13,78.383869
SALMON_NOK_KG,2025-09-14,77.888378
SALMON_NOK_KG,2025-09-15,77.411411
SALMON_NOK_KG,2025-09-16,79.604966
SALMON_NOK_KG,2025-09-17,78.958353
SALMON_NOK_KG,2025-09-18,78.472019
SALMON_NOK_KG,2025-09-19,79.032849
SALMON_NOK_KG,2025-09-20,80.305248
SALMON_NOK_KG,2025-09-21,80.608842
SALMON_NOK_KG,2025-09-22,80.069666
SALMON_NOK_KG,2025-09-23,80.318238
SALMON_NOK_KG,2025-09-24,80.135605
SALMON_NOK_KG,2025-09-25,79.639535
SALMON_NOK_KG,2025-09-26,80.822342
SALMON_NOK_KG,2025-09-27,79.579832
SALMON_NOK_KG,2025-09-28,79.519973
SALMON_NOK_KG,2025-09-29,80.005136
SALMON_NOK_KG,2025-09-30,80.483860
SALMON_NOK_KG,2025-10-01,79.725427
SALMON_NOK_KG,2025-10-02,81.388989
SALMON_NOK_KG,2025-10-03,81.018826
SALMON_NOK_KG,2025-10-04,80.572886
SALMON_NOK_KG,2025-10-05,80.108931
SALMON_NOK_KG,2025-10-06,79.087690
SALMON_NOK_KG,2025-10-07,77.843782
SALMON_NOK_KG,2025-10-08,79.495181
SALMON_NOK_KG,2025-10-09,80.165009
SALMON_NOK_KG,2025-10-10,79.470071
SALMON_NOK_KG,2025-10-11,79.315723
SALMON_NOK_KG,2025-10-12,79.353907
SALMON_NOK_KG,2025-10-13,80.089592
SALMON_NOK_KG,2025-10-14,79.423399
SALMON_NOK_KG,2025-10-15,78.323393
SALMON_NOK_KG,2025-10-16,76.492698
SALMON_NOK_KG,2025-10-17,77.409234
SALMON_NOK_KG,2025-10-18,77.076355
SALMON_NOK_KG,2025-10-19,77.659413
SALMON_NOK_KG,2025-10-20,78.621232
SALMON_NOK_KG,2025-10-21,79.148321
SALMON_NOK_KG,2025-10-22,79.848833
SALMON_NOK_KG,2025-10-23,81.345815
SALMON_NOK_KG,2025-10-24,81.368765
SALMON_NOK_KG,2025-10-25,82.850849
SALMON_NOK_KG,2025-10-26,81.724957
SALMON_NOK_KG,2025-10-27,82.315799
SALMON_NOK_KG,2025-10-28,83.482255
SALMON_NOK_KG,2025-10-29,81.940072
SALMON_NOK_KG,2025-10-30,81.623149
SALMON_NOK_KG,2025-10-31,80.948614
SALMON_NOK_KG,2025-11-01,79.698855
SALMON_NOK_KG,2025-11-02,80.791916
SALMON_NOK_KG,2025-11-03,79.896116
SALMON_NOK_KG,2025-11-04,80.564414
SALMON_NOK_KG,2025-11-05,80.654298
SALMON_NOK_KG,2025-11-06,81.487597
SALMON_NOK_KG,2025-11-07,80.194183
SALMON_NOK_KG,2025-11-08,80.707866
SALMON_NOK_KG,2025-11-09,81.741064
SALMON_NOK_KG,2025-11-10,82.774400
SALMON_NOK_KG,2025-11-11,83.543885
SALMON_NOK_KG,2025-11-12,82.774066
SALMON_NOK_KG,2025-11-13,82.345201
SALMON_NOK_KG,2025-11-14,81.803193
SALMON_NOK_KG,2025-11-15,80.564555
SALMON_NOK_KG,2025-11-16,80.305829
SALMON_NOK_KG,2025-11-17,79.789316
SALMON_NOK_KG,2025-11-18,80.213385
SALMON_NOK_KG,2025-11-19,81.032734
SALMON_NOK_KG,2025-11-20,80.405354
SALMON_NOK_KG,2025-11-21,80.331026
SALMON_NOK_KG,2025-11-22,81.251526
SALMON_NOK_KG,2025-11-23,80.803262
SALMON_NOK_KG,2025-11-24,80.061355
SALMON_NOK_KG,2025-11-25,79.215822
SALMON_NOK_KG,2025-11-26,78.016692
SALMON_NOK_KG,2025-11-27,78.074037
SALMON_NOK_KG,2025-11-28,77.034972
SALMON_NOK_KG,2025-11-29,76.513697
SALMON_NOK_KG,2025-11-30,77.272409
SALMON_NOK_KG,2025-12-01,78.502548
SALMON_NOK_KG,2025-12-02,78.196828
SALMON_NOK_KG,2025-12-03,78.559900
SALMON_NOK_KG,2025-12-04,78.158510
SALMON_NOK_KG,2025-12-05,78.225504
SALMON_NOK_KG,2025-12-06,79.084394
SALMON_NOK_KG,2025-12-07,79.405589
SALMON_NOK_KG,2025-12-08,79.437256
SALMON_NOK_KG,2025-12-09,78.147028
SALMON_NOK_KG,2025-12-10,78.129886
SALMON_NOK_KG,2025-12-11,77.173090
SALMON_NOK_KG,2025-12-12,77.039390
SALMON_NOK_KG,2025-12-13,76.346841
SALMON_NOK_KG,2025-12-14,76.927437
SALMON_NOK_KG,2025-12-15,75.615601
SALMON_NOK_KG,2025-12-16,77.049186
SALMON_NOK_KG,2025-12-17,76.866704
SALMON_NOK_KG,2025-12-18,76.683240
SALMON_NOK_KG,2025-12-19,75.923773
SALMON_NOK_KG,2025-12-20,74.992072
SALMON_NOK_KG,2025-12-21,76.218378
SALMON_NOK_KG,2025-12-22,76.466391
SALMON_NOK_KG,2025-12-23,76.553906
SALMON_NOK_KG,2025-12-24,77.014312
SALMON_NOK_KG,2025-12-25,75.623736
SALMON_NOK_KG,2025-12-26,76.160965
SALMON_NOK_KG,2025-12-27,75.653106
SALMON_NOK_KG,2025-12-28,74.791085
SALMON_NOK_KG,2025-12-29,74.119869
SALMON_NOK_KG,2025-12-30,75.041888
SALMON_NOK_KG,2025-12-31,74.364171
SALMON_NOK_KG,2026-01-01,72.846263
SALMON_NOK_KG,2026-01-02,73.437262
SALMON_NOK_KG,2026-01-03,73.745195
SALMON_NOK_KG,2026-01-04,73.672162
SALMON_NOK_KG,2026-01-05,73.908458
SALMON_NOK_KG,2026-01-06,74.302982
SALMON_NOK_KG,2026-01-07,73.925836
SALMON_NOK_KG,2026-01-08,72.208532
SALMON_NOK_KG,2026-01-09,71.930035
SALMON_NOK_KG,2026-01-10,70.737426
SALMON_NOK_KG,2026-01-11,71.642208
SALMON_NOK_KG,2026-01-12,70.281929
SALMON_NOK_KG,2026-01-13,68.074380
SALMON_NOK_KG,2026-01-14,67.679843
SALMON_NOK_KG,2026-01-15,67.462403
SALMON_NOK_KG,2026-01-16,68.284020
SALMON_NOK_KG,2026-01-17,67.364787
SALMON_NOK_KG,2026-01-18,67.160857
SALMON_NOK_KG,2026-01-19,68.489554
SALMON_NOK_KG,2026-01-20,67.338214
SALMON_NOK_KG,2026-01-21,67.973926
SALMON_NOK_KG,2026-01-22,68.930983
SALMON_NOK_KG,2026-01-23,68.831613
SALMON_NOK_KG,2026-01-24,68.190868
SALMON_NOK_KG,2026-01-25,68.085503
SALMON_NOK_KG,2026-01-26,66.686941
SALMON_NOK_KG,2026-01-27,66.915900
SALMON_NOK_KG,2026-01-28,66.746689
SALMON_NOK_KG,2026-01-29,66.227727
SALMON_NOK_KG,2026-01-30,65.538141
SALMON_NOK_KG,2026-01-31,66.799198
SALMON_NOK_KG,2026-02-01,65.821330
SALMON_NOK_KG,2026-02-02,68.022892
SALMON_NOK_KG,2026-02-03,70.011456
SALMON_NOK_KG,2026-02-04,70.130336
SALMON_NOK_KG,2026-02-05,70.572798
SALMON_NOK_KG,2026-02-06,69.299815
SALMON_NOK_KG,2026-02-07,69.722855
SALMON_NOK_KG,2026-02-08,70.525450
SALMON_NOK_KG,2026-02-09,70.918462
SALMON_NOK_KG,2026-02-10,70.569095
SALMON_NOK_KG,2026-02-11,70.308708
SALMON_NOK_KG,2026-02-12,70.228753
SALMON_NOK_KG,2026-02-13,69.147802
SALMON_NOK_KG,2026-02-14,71.225758
SALMON_NOK_KG,2026-02-15,71.685917
SALMON_NOK_KG,2026-02-16,71.833707
SALMON_NOK_KG,2026-02-17,71.679512
SALMON_NOK_KG,2026-02-18,71.311727
SALMON_NOK_KG,2026-02-19,71.504624
SALMON_NOK_KG,2026-02-20,71.993315
SALMON_NOK_KG,2026-02-21,71.415497
SALMON_NOK_KG,2026-02-22,70.648327
SALMON_NOK_KG,2026-02-23,71.662689
SALMON_NOK_KG,2026-02-24,73.362857
SALMON_NOK_KG,2026-02-25,72.192840
SALMON_NOK_KG,2026-02-26,72.109178
SALMON_NOK_KG,2026-02-27,73.537983
SALMON_NOK_KG,2026-02-28,73.893329
SALMON_NOK_KG,2026-03-01,74.288406
SALMON_NOK_KG,2026-03-02,75.876428
SALMON_NOK_KG,2026-03-03,75.205565
SALMON_NOK_KG,2026-03-04,75.270212
SALMON_NOK_KG,2026-03-05,74.362845
SALMON_NOK_KG,2026-03-06,74.562391
SALMON_NOK_KG,2026-03-07,75.667666
SALMON_NOK_KG,2026-03-08,75.428353
SALMON_NOK_KG,2026-03-09,73.787525
SALMON_NOK_KG,2026-03-10,74.812803
SALMON_NOK_KG,2026-03-11,75.397390
SALMON_NOK_KG,2026-03-12,76.238565
SALMON_NOK_KG,2026-03-13,75.235629
SALMON_NOK_KG,2026-03-14,75.030450
SALMON_NOK_KG,2026-03-15,76.261947
SALMON_NOK_KG,2026-03-16,76.704142
SALMON_NOK_KG,2026-03-17,77.651423
SALMON_NOK_KG,2026-03-18,77.291394
SALMON_NOK_KG,2026-03-19,79.777853
SALMON_NOK_KG,2026-03-20,79.707461
SALMON_NOK_KG,2026-03-21,80.178545
SALMON_NOK_KG,2026-03-22,79.670429
SALMON_NOK_KG,2026-03-23,80.458345
SALMON_NOK_KG,2026-03-24,80.568384
SALMON_NOK_KG,2026-03-25,80.766484
SALMON_NOK_KG,2026-03-26,82.038218
SALMON_NOK_KG,2026-03-27,82.366081
SALMON_NOK_KG,2026-03-28,81.869819
SALMON_NOK_KG,2026-03-29,82.882308
SALMON_NOK_KG,2026-03-30,81.497996
SALMON_NOK_KG,2026-03-31,82.522135
SALMON_NOK_KG,2026-04-01,82.618449
SALMON_NOK_KG,2026-04-02,86.037131
SALMON_NOK_KG,2026-04-03,84.653369
SALMON_NOK_KG,2026-04-04,85.290963
SALMON_NOK_KG,2026-04-05,86.184307
SALMON_NOK_KG,2026-04-06,86.096894
SALMON_NOK_KG,2026-04-07,87.576938
SALMON_NOK_KG,2026-04-08,88.158585
SALMON_NOK_KG,2026-04-09,88.250708
SALMON_NOK_KG,2026-04-10,89.835442
SALMON_NOK_KG,2026-04-11,88.118884
SALMON_NOK_KG,2026-04-12,89.001011
SALMON_NOK_KG,2026-04-13,89.754252
SALMON_NOK_KG,2026-04-14,89.767646
SALMON_NOK_KG,2026-04-15,89.024521
SALMON_NOK_KG,2026-04-16,90.403301
SALMON_NOK_KG,2026-04-17,89.167055
SALMON_NOK_KG,2026-04-18,89.046739
SALMON_NOK_KG,2026-04-19,88.746589
SALMON_NOK_KG,2026-04-20,89.187606
SALMON_NOK_KG,2026-04-21,89.783410
SALMON_NOK_KG,2026-04-22,89.675285
SALMON_NOK_KG,2026-04-23,88.521527
SALMON_NOK_KG,2026-04-24,89.177902
SALMON_NOK_KG,2026-04-25,88.385300
SALMON_NOK_KG,2026-04-26,87.793317
SALMON_NOK_KG,2026-04-27,86.597183
SALMON_NOK_KG,2026-04-28,85.937187
SALMON_NOK_KG,2026-04-29,85.485920
SALMON_NOK_KG,2026-04-30,84.734420
SALMON_NOK_KG,2026-05-01,84.847423
SALMON_NOK_KG,2026-05-02,84.698910
SALMON_NOK_KG,2026-05-03,85.581450
SALMON_NOK_KG,2026-05-04,84.738173
SALMON_NOK_KG,2026-05-05,83.824269
SALMON_NOK_KG,2026-05-06,82.970685
SALMON_NOK_KG,2026-05-07,85.758774
SALMON_NOK_KG,2026-05-08,84.629642
SALMON_NOK_KG,2026-05-09,85.793271
SALMON_NOK_KG,2026-05-10,87.816088
SALMON_NOK_KG,2026-05-11,88.061431
SALMON_NOK_KG,2026-05-12,87.065551
SALMON_NOK_KG,2026-05-13,86.974191
SALMON_NOK_KG,2026-05-14,86.886001
SALMON_NOK_KG,2026-05-15,87.592961
SALMON_NOK_KG,2026-05-16,87.635038
SALMON_NOK_KG,2026-05-17,85.807462
SALMON_NOK_KG,2026-05-18,86.167861
SALMON_NOK_KG,2026-05-19,86.365724
SALMON_NOK_KG,2026-05-20,88.628484
SALMON_NOK_KG,2026-05-21,88.683057
SALMON_NOK_KG,2026-05-22,91.026366
SALMON_NOK_KG,2026-05-23,90.041893
SALMON_NOK_KG,2026-05-24,90.087043
SALMON_NOK_KG,2026-05-25,88.816687
SALMON_NOK_KG,2026-05-26,88.448595
SALMON_NOK_KG,2026-05-27,89.790887
SALMON_NOK_KG,2026-05-28,90.715072
SALMON_NOK_KG,2026-05-29,93.444511
SALMON_NOK_KG,2026-05-30,93.769595
SALMON_NOK_KG,2026-05-31,94.344436
SALMON_NOK_KG,2026-06-01,95.610777
SALMON_NOK_KG,2026-06-02,95.844543
SALMON_NOK_KG,2026-06-03,93.916858
SALMON_NOK_KG,2026-06-04,91.541352
SALMON_NOK_KG,2026-06-05,90.912654
SALMON_NOK_KG,2026-06-06,92.987769
SALMON_NOK_KG,2026-06-07,93.605257
SALMON_NOK_KG,2026-06-08,95.399433
SALMON_NOK_KG,2026-06-09,98.172515
SALMON_NOK_KG,2026-06-10,98.388379
SALMON_NOK_KG,2026-06-11,99.249363
SALMON_NOK_KG,2026-06-12,101.141640
SALMON_NOK_KG,2026-06-13,104.065054
SALMON_NOK_KG,2026-06-14,103.933396
SALMON_NOK_KG,2026-06-15,100.513932
SALMON_NOK_KG,2026-06-16,98.874413
SALMON_NOK_KG,2026-06-17,100.740834
SALMON_NOK_KG,2026-06-18,102.761874
SALMON_NOK_KG,2026-06-19,103.762239
SALMON_NOK_KG,2026-06-20,103.894666
SALMON_NOK_KG,2026-06-21,105.266915
SALMON_NOK_KG,2026-06-22,103.975866
SALMON_NOK_KG,2026-06-23,106.048741
SALMON_NOK_KG,2026-06-24,105.488257
SALMON_NOK_KG,2026-06-25,107.629418
SALMON_NOK_KG,2026-06-26,108.884983
SALMON_NOK_KG,2026-06-27,108.725928
SALMON_NOK_KG,2026-06-28,109.308518
SALMON_NOK_KG,2026-06-29,107.720390
SALMON_NOK_KG,2026-06-30,108.416988
SHRIMP_USD_KG,2024-08-01,6.776501
SHRIMP_USD_KG,2024-08-02,6.860352
SHRIMP_USD_KG,2024-08-03,6.811068
SHRIMP_USD_KG,2024-08-04,6.876751
SHRIMP_USD_KG,2024-08-05,6.829825
SHRIMP_USD_KG,2024-08-06,6.906205
SHRIMP_USD_KG,2024-08-07,6.893780
SHRIMP_USD_KG,2024-08-08,6.936956
SHRIMP_USD_KG,2024-08-09,6.892832
SHRIMP_USD_KG,2024-08-10,7.002358
SHRIMP_USD_KG,2024-08-11,6.930309
SHRIMP_USD_KG,2024-08-12,7.003112
SHRIMP_USD_KG,2024-08-13,6.987961
SHRIMP_USD_KG,2024-08-14,6.951821
SHRIMP_USD_KG,2024-08-15,6.905201
SHRIMP_USD_KG,2024-08-16,6.882126
SHRIMP_USD_KG,2024-08-17,6.938970
SHRIMP_USD_KG,2024-08-18,6.864575
SHRIMP_USD_KG,2024-08-19,6.896682
SHRIMP_USD_KG,2024-08-20,6.941845
SHRIMP_USD_KG,2024-08-21,6.970134
SHRIMP_USD_KG,2024-08-22,7.081347
SHRIMP_USD_KG,2024-08-23,7.088532
SHRIMP_USD_KG,2024-08-24,7.139040
SHRIMP_USD_KG,2024-08-25,7.183972
SHRIMP_USD_KG,2024-08-26,7.290396
SHRIMP_USD_KG,2024-08-27,7.261527
SHRIMP_USD_KG,2024-08-28,7.298127
SHRIMP_USD_KG,2024-08-29,7.302746
SHRIMP_USD_KG,2024-08-30,7.257340
SHRIMP_USD_KG,2024-08-31,7.342648
SHRIMP_USD_KG,2024-09-01,7.315918
SHRIMP_USD_KG,2024-09-02,7.176391
SHRIMP_USD_KG,2024-09-03,7.183937
SHRIMP_USD_KG,2024-09-04,7.105612
SHRIMP_USD_KG,2024-09-05,7.088357
SHRIMP_USD_KG,2024-09-06,7.195103
SHRIMP_USD_KG,2024-09-07,7.200554
SHRIMP_USD_KG,2024-09-08,7.262584
SHRIMP_USD_KG,2024-09-09,7.261840
SHRIMP_USD_KG,2024-09-10,7.221236
SHRIMP_USD_KG,2024-09-11,7.091342
SHRIMP_USD_KG,2024-09-12,7.045201
SHRIMP_USD_KG,2024-09-13,7.067572
SHRIMP_USD_KG,2024-09-14,7.067134
SHRIMP_USD_KG,2024-09-15,7.176185
SHRIMP_USD_KG,2024-09-16,7.190069
SHRIMP_USD_KG,2024-09-17,7.164682
SHRIMP_USD_KG,2024-09-18,7.124561
SHRIMP_USD_KG,2024-09-19,7.091327
SHRIMP_USD_KG,2024-09-20,7.165848
SHRIMP_USD_KG,2024-09-21,7.126657
SHRIMP_USD_KG,2024-09-22,7.125126
SHRIMP_USD_KG,2024-09-23,7.132449
SHRIMP_USD_KG,2024-09-24,7.243365
SHRIMP_USD_KG,2024-09-25,7.212738
SHRIMP_USD_KG,2024-09-26,7.237310
SHRIMP_USD_KG,2024-09-27,7.178026
SHRIMP_USD_KG,2024-09-28,7.221622
SHRIMP_USD_KG,2024-09-29,7.275431
SHRIMP_USD_KG,2024-09-30,7.261664
SHRIMP_USD_KG,2024-10-01,7.242007
SHRIMP_USD_KG,2024-10-02,7.279417
SHRIMP_USD_KG,2024-10-03,7.263184
SHRIMP_USD_KG,2024-10-04,7.232632
SHRIMP_USD_KG,2024-10-05,7.238472
SHRIMP_USD_KG,2024-10-06,7.237954
SHRIMP_USD_KG,2024-10-07,7.246291
SHRIMP_USD_KG,2024-10-08,7.268121
SHRIMP_USD_KG,2024-10-09,7.301862
SHRIMP_USD_KG,2024-10-10,7.282003
SHRIMP_USD_KG,2024-10-11,7.120792
SHRIMP_USD_KG,2024-10-12,7.139718
SHRIMP_USD_KG,2024-10-13,7.224513
SHRIMP_USD_KG,2024-10-14,7.238018
SHRIMP_USD_KG,2024-10-15,7.243070
SHRIMP_USD_KG,2024-10-16,7.211628
SHRIMP_USD_KG,2024-10-17,7.192061
SHRIMP_USD_KG,2024-10-18,7.180924
SHRIMP_USD_KG,2024-10-19,7.191313
SHRIMP_USD_KG,2024-10-20,7.219776
SHRIMP_USD_KG,2024-10-21,7.231145
SHRIMP_USD_KG,2024-10-22,7.300409
SHRIMP_USD_KG,2024-10-23,7.342866
SHRIMP_USD_KG,2024-10-24,7.269063
SHRIMP_USD_KG,2024-10-25,7.193828
SHRIMP_USD_KG,2024-10-26,7.129769
SHRIMP_USD_KG,2024-10-27,7.110775
SHRIMP_USD_KG,2024-10-28,7.088597
SHRIMP_USD_KG,2024-10-29,7.080253
SHRIMP_USD_KG,2024-10-30,7.061493
SHRIMP_USD_KG,2024-10-31,7.087365
SHRIMP_USD_KG,2024-11-01,7.131077
SHRIMP_USD_KG,2024-11-02,7.209539
SHRIMP_USD_KG,2024-11-03,7.203418
SHRIMP_USD_KG,2024-11-04,7.213746
SHRIMP_USD_KG,2024-11-05,7.172782
SHRIMP_USD_KG,2024-11-06,7.222189
SHRIMP_USD_KG,2024-11-07,7.248361
SHRIMP_USD_KG,2024-11-08,7.304896
SHRIMP_USD_KG,2024-11-09,7.294838
SHRIMP_USD_KG,2024-11-10,7.256751
SHRIMP_USD_KG,2024-11-11,7.378379
SHRIMP_USD_KG,2024-11-12,7.372252
SHRIMP_USD_KG,2024-11-13,7.464896
SHRIMP_USD_KG,2024-11-14,7.438462
SHRIMP_USD_KG,2024-11-15,7.468581
SHRIMP_USD_KG,2024-11-16,7.442023
SHRIMP_USD_KG,2024-11-17,7.477595
SHRIMP_USD_KG,2024-11-18,7.476872
SHRIMP_USD_KG,2024-11-19,7.344279
SHRIMP_USD_KG,2024-11-20,7.284281
SHRIMP_USD_KG,2024-11-21,7.237684
SHRIMP_USD_KG,2024-11-22,7.258518
SHRIMP_USD_KG,2024-11-23,7.337268
SHRIMP_USD_KG,2024-11-24,7.220117
SHRIMP_USD_KG,2024-11-25,7.236873
SHRIMP_USD_KG,2024-11-26,7.304803
SHRIMP_USD_KG,2024-11-27,7.269541
SHRIMP_USD_KG,2024-11-28,7.268338
SHRIMP_USD_KG,2024-11-29,7.233004
SHRIMP_USD_KG,2024-11-30,7.284419
SHRIMP_USD_KG,2024-12-01,7.351867
SHRIMP_USD_KG,2024-12-02,7.278994
SHRIMP_USD_KG,2024-12-03,7.162367
SHRIMP_USD_KG,2024-12-04,7.183765
SHRIMP_USD_KG,2024-12-05,7.228517
SHRIMP_USD_KG,2024-12-06,7.335225
SHRIMP_USD_KG,2024-12-07,7.276101
SHRIMP_USD_KG,2024-12-08,7.312085
SHRIMP_USD_KG,2024-12-09,7.310663
SHRIMP_USD_KG,2024-12-10,7.305270
SHRIMP_USD_KG,2024-12-11,7.276386
SHRIMP_USD_KG,2024-12-12,7.300722
SHRIMP_USD_KG,2024-12-13,7.293275
SHRIMP_USD_KG,2024-12-14,7.232922
SHRIMP_USD_KG,2024-12-15,7.330080
SHRIMP_USD_KG,2024-12-16,7.320437
SHRIMP_USD_KG,2024-12-17,7.352547
SHRIMP_USD_KG,2024-12-18,7.363133
SHRIMP_USD_KG,2024-12-19,7.343986
SHRIMP_USD_KG,2024-12-20,7.420325
SHRIMP_USD_KG,2024-12-21,7.379583
SHRIMP_USD_KG,2024-12-22,7.433375
SHRIMP_USD_KG,2024-12-23,7.380163
SHRIMP_USD_KG,2024-12-24,7.346193
SHRIMP_USD_KG,2024-12-25,7.424541
SHRIMP_USD_KG,2024-12-26,7.322773
SHRIMP_USD_KG,2024-12-27,7.431789
SHRIMP_USD_KG,2024-12-28,7.374109
SHRIMP_USD_KG,2024-12-29,7.446809
SHRIMP_USD_KG,2024-12-30,7.354600
SHRIMP_USD_KG,2024-12-31,7.330875
SHRIMP_USD_KG,2025-01-01,7.407655
SHRIMP_USD_KG,2025-01-02,7.398193
SHRIMP_USD_KG,2025-01-03,7.340740
SHRIMP_USD_KG,2025-01-04,7.387223
SHRIMP_USD_KG,2025-01-05,7.399145
SHRIMP_USD_KG,2025-01-06,7.354432
SHRIMP_USD_KG,2025-01-07,7.310236
SHRIMP_USD_KG,2025-01-08,7.290467
SHRIMP_USD_KG,2025-01-09,7.342760
SHRIMP_USD_KG,2025-01-10,7.305468
SHRIMP_USD_KG,2025-01-11,7.350453
SHRIMP_USD_KG,2025-01-12,7.302403
SHRIMP_USD_KG,2025-01-13,7.219816
SHRIMP_USD_KG,2025-01-14,7.189493
SHRIMP_USD_KG,2025-01-15,7.172711
SHRIMP_USD_KG,2025-01-16,7.200000
SHRIMP_USD_KG,2025-01-17,7.247769
SHRIMP_USD_KG,2025-01-18,7.146346
SHRIMP_USD_KG,2025-01-19,7.216526
SHRIMP_USD_KG,2025-01-20,7.205542
SHRIMP_USD_KG,2025-01-21,7.241932
SHRIMP_USD_KG,2025-01-22,7.164845
SHRIMP_USD_KG,2025-01-23,7.117829
SHRIMP_USD_KG,2025-01-24,7.195333
SHRIMP_USD_KG,2025-01-25,7.178960
SHRIMP_USD_KG,2025-01-26,7.333153
SHRIMP_USD_KG,2025-01-27,7.287216
SHRIMP_USD_KG,2025-01-28,7.288701
SHRIMP_USD_KG,2025-01-29,7.374436
SHRIMP_USD_KG,2025-01-30,7.289889
SHRIMP_USD_KG,2025-01-31,7.289500
SHRIMP_USD_KG,2025-02-01,7.334019
SHRIMP_USD_KG,2025-02-02,7.318024
SHRIMP_USD_KG,2025-02-03,7.324570
SHRIMP_USD_KG,2025-02-04,7.260326
SHRIMP_USD_KG,2025-02-05,7.169655
SHRIMP_USD_KG,2025-02-06,7.198754
SHRIMP_USD_KG,2025-02-07,7.105342
SHRIMP_USD_KG,2025-02-08,7.070434
SHRIMP_USD_KG,2025-02-09,7.076250
SHRIMP_USD_KG,2025-02-10,7.127549
SHRIMP_USD_KG,2025-02-11,7.148930
SHRIMP_USD_KG,2025-02-12,7.107207
SHRIMP_USD_KG,2025-02-13,7.157586
SHRIMP_USD_KG,2025-02-14,7.111593
SHRIMP_USD_KG,2025-02-15,7.146790
SHRIMP_USD_KG,2025-02-16,7.218499
SHRIMP_USD_KG,2025-02-17,7.196386
SHRIMP_USD_KG,2025-02-18,7.192995
SHRIMP_USD_KG,2025-02-19,7.141070
SHRIMP_USD_KG,2025-02-20,7.091553
SHRIMP_USD_KG,2025-02-21,7.083947
SHRIMP_USD_KG,2025-02-22,7.096804
SHRIMP_USD_KG,2025-02-23,7.063007
SHRIMP_USD_KG,2025-02-24,7.043029
SHRIMP_USD_KG,2025-02-25,7.068905
SHRIMP_USD_KG,2025-02-26,7.059743
SHRIMP_USD_KG,2025-02-27,7.062352
SHRIMP_USD_KG,2025-02-28,7.069074
SHRIMP_USD_KG,2025-03-01,7.091350
SHRIMP_USD_KG,2025-03-02,7.173492
SHRIMP_USD_KG,2025-03-03,7.220783
SHRIMP_USD_KG,2025-03-04,7.125475
SHRIMP_USD_KG,2025-03-05,7.090723
SHRIMP_USD_KG,2025-03-06,7.011224
SHRIMP_USD_KG,2025-03-07,7.002840
SHRIMP_USD_KG,2025-03-08,7.019161
SHRIMP_USD_KG,2025-03-09,7.087462
SHRIMP_USD_KG,2025-03-10,7.126372
SHRIMP_USD_KG,2025-03-11,7.015962
SHRIMP_USD_KG,2025-03-12,6.967863
SHRIMP_USD_KG,2025-03-13,6.918355
SHRIMP_USD_KG,2025-03-14,6.866514
SHRIMP_USD_KG,2025-03-15,6.979903
SHRIMP_USD_KG,2025-03-16,6.880914
SHRIMP_USD_KG,2025-03-17,6.952302
SHRIMP_USD_KG,2025-03-18,7.034427
SHRIMP_USD_KG,2025-03-19,6.989480
SHRIMP_USD_KG,2025-03-20,7.029671
SHRIMP_USD_KG,2025-03-21,7.039879
SHRIMP_USD_KG,2025-03-22,7.024954
SHRIMP_USD_KG,2025-03-23,7.002134
SHRIMP_USD_KG,2025-03-24,6.977758
SHRIMP_USD_KG,2025-03-25,7.041182
SHRIMP_USD_KG,2025-03-26,7.043378
SHRIMP_USD_KG,2025-03-27,7.044461
SHRIMP_USD_KG,2025-03-28,7.106357
SHRIMP_USD_KG,2025-03-29,7.169238
SHRIMP_USD_KG,2025-03-30,7.172278
SHRIMP_USD_KG,2025-03-31,7.173741
SHRIMP_USD_KG,2025-04-01,7.119517
SHRIMP_USD_KG,2025-04-02,6.984956
SHRIMP_USD_KG,2025-04-03,7.048704
SHRIMP_USD_KG,2025-04-04,7.090087
SHRIMP_USD_KG,2025-04-05,7.045907
SHRIMP_USD_KG,2025-04-06,6.993212
SHRIMP_USD_KG,2025-04-07,6.966778
SHRIMP_USD_KG,2025-04-08,7.046079
SHRIMP_USD_KG,2025-04-09,7.085909
SHRIMP_USD_KG,2025-04-10,7.139038
SHRIMP_USD_KG,2025-04-11,7.225483
SHRIMP_USD_KG,2025-04-12,7.282601
SHRIMP_USD_KG,2025-04-13,7.344057
SHRIMP_USD_KG,2025-04-14,7.301543
SHRIMP_USD_KG,2025-04-15,7.300332
SHRIMP_USD_KG,2025-04-16,7.270743
SHRIMP_USD_KG,2025-04-17,7.301041
SHRIMP_USD_KG,2025-04-18,7.252591
SHRIMP_USD_KG,2025-04-19,7.142000
SHRIMP_USD_KG,2025-04-20,7.100601
SHRIMP_USD_KG,2025-04-21,7.096309
SHRIMP_USD_KG,2025-04-22,7.150825
SHRIMP_USD_KG,2025-04-23,7.124027
SHRIMP_USD_KG,2025-04-24,7.146317
SHRIMP_USD_KG,2025-04-25,7.150883
SHRIMP_USD_KG,2025-04-26,7.139294
SHRIMP_USD_KG,2025-04-27,7.180263
SHRIMP_USD_KG,2025-04-28,7.196719
SHRIMP_USD_KG,2025-04-29,7.174130
SHRIMP_USD_KG,2025-04-30,7.203171
SHRIMP_USD_KG,2025-05-01,7.199300
SHRIMP_USD_KG,2025-05-02,7.176271
SHRIMP_USD_KG,2025-05-03,7.038127
SHRIMP_USD_KG,2025-05-04,7.219931
SHRIMP_USD_KG,2025-05-05,7.127500
SHRIMP_USD_KG,2025-05-06,7.213583
SHRIMP_USD_KG,2025-05-07,7.192451
SHRIMP_USD_KG,2025-05-08,7.123767
SHRIMP_USD_KG,2025-05-09,7.090595
SHRIMP_USD_KG,2025-05-10,7.106738
SHRIMP_USD_KG,2025-05-11,7.124439
SHRIMP_USD_KG,2025-05-12,7.100667
SHRIMP_USD_KG,2025-05-13,7.180769
SHRIMP_USD_KG,2025-05-14,7.261444
SHRIMP_USD_KG,2025-05-15,7.192196
SHRIMP_USD_KG,2025-05-16,7.257419
SHRIMP_USD_KG,2025-05-17,7.293597
SHRIMP_USD_KG,2025-05-18,7.309494
SHRIMP_USD_KG,2025-05-19,7.314778
SHRIMP_USD_KG,2025-05-20,7.294928
SHRIMP_USD_KG,2025-05-21,7.231001
SHRIMP_USD_KG,2025-05-22,7.225576
SHRIMP_USD_KG,2025-05-23,7.287614
SHRIMP_USD_KG,2025-05-24,7.193475
SHRIMP_USD_KG,2025-05-25,7.230086
SHRIMP_USD_KG,2025-05-26,7.152281
SHRIMP_USD_KG,2025-05-27,7.206142
SHRIMP_USD_KG,2025-05-28,7.188627
SHRIMP_USD_KG,2025-05-29,7.261364
SHRIMP_USD_KG,2025-05-30,7.240337
SHRIMP_USD_KG,2025-05-31,7.193712
SHRIMP_USD_KG,2025-06-01,7.271647
SHRIMP_USD_KG,2025-06-02,7.287840
SHRIMP_USD_KG,2025-06-03,7.241945
SHRIMP_USD_KG,2025-06-04,7.212275
SHRIMP_USD_KG,2025-06-05,7.223047
SHRIMP_USD_KG,2025-06-06,7.200905
SHRIMP_USD_KG,2025-06-07,7.239965
SHRIMP_USD_KG,2025-06-08,7.171467
SHRIMP_USD_KG,2025-06-09,7.108075
SHRIMP_USD_KG,2025-06-10,7.088660
SHRIMP_USD_KG,2025-06-11,7.170780
SHRIMP_USD_KG,2025-06-12,7.196815
SHRIMP_USD_KG,2025-06-13,7.102145
SHRIMP_USD_KG,2025-06-14,7.112753
SHRIMP_USD_KG,2025-06-15,7.163772
SHRIMP_USD_KG,2025-06-16,7.080794
SHRIMP_USD_KG,2025-06-17,7.102648
SHRIMP_USD_KG,2025-06-18,7.061841
SHRIMP_USD_KG,2025-06-19,7.092578
SHRIMP_USD_KG,2025-06-20,6.977259
SHRIMP_USD_KG,2025-06-21,6.944866
SHRIMP_USD_KG,2025-06-22,7.016053
SHRIMP_USD_KG,2025-06-23,6.859326
SHRIMP_USD_KG,2025-06-24,6.904594
SHRIMP_USD_KG,2025-06-25,6.972323
SHRIMP_USD_KG,2025-06-26,6.997540
SHRIMP_USD_KG,2025-06-27,6.962928
SHRIMP_USD_KG,2025-06-28,6.981999
SHRIMP_USD_KG,2025-06-29,6.913859
SHRIMP_USD_KG,2025-06-30,6.888308
SHRIMP_USD_KG,2025-07-01,6.907829
SHRIMP_USD_KG,2025-07-02,6.930298
SHRIMP_USD_KG,2025-07-03,6.989912
SHRIMP_USD_KG,2025-07-04,6.923382
SHRIMP_USD_KG,2025-07-05,6.989031
SHRIMP_USD_KG,2025-07-06,7.019798
SHRIMP_USD_KG,2025-07-07,7.053173
SHRIMP_USD_KG,2025-07-08,7.058635
SHRIMP_USD_KG,2025-07-09,7.045958
SHRIMP_USD_KG,2025-07-10,7.002976
SHRIMP_USD_KG,2025-07-11,7.054317
SHRIMP_USD_KG,2025-07-12,7.047314
SHRIMP_USD_KG,2025-07-13,7.118906
SHRIMP_USD_KG,2025-07-14,7.025939
SHRIMP_USD_KG,2025-07-15,7.098272
SHRIMP_USD_KG,2025-07-16,7.087663
SHRIMP_USD_KG,2025-07-17,7.073987
SHRIMP_USD_KG,2025-07-18,7.051467
SHRIMP_USD_KG,2025-07-19,7.188788
SHRIMP_USD_KG,2025-07-20,7.178499
SHRIMP_USD_KG,2025-07-21,7.210192
SHRIMP_USD_KG,2025-07-22,7.257638
SHRIMP_USD_KG,2025-07-23,7.256297
SHRIMP_USD_KG,2025-07-24,7.234930
SHRIMP_USD_KG,2025-07-25,7.215754
SHRIMP_USD_KG,2025-07-26,7.128986
SHRIMP_USD_KG,2025-07-27,7.157445
SHRIMP_USD_KG,2025-07-28,7.196300
SHRIMP_USD_KG,2025-07-29,7.165341
SHRIMP_USD_KG,2025-07-30,7.231467
SHRIMP_USD_KG,2025-07-31,7.181576
SHRIMP_USD_KG,2025-08-01,7.229892
SHRIMP_USD_KG,2025-08-02,7.267491
SHRIMP_USD_KG,2025-08-03,7.257810
SHRIMP_USD_KG,2025-08-04,7.229402
SHRIMP_USD_KG,2025-08-05,7.297302
SHRIMP_USD_KG,2025-08-06,7.239290
SHRIMP_USD_KG,2025-08-07,7.257953
SHRIMP_USD_KG,2025-08-08,7.381622
SHRIMP_USD_KG,2025-08-09,7.483147
SHRIMP_USD_KG,2025-08-10,7.512082
SHRIMP_USD_KG,2025-08-11,7.519274
SHRIMP_USD_KG,2025-08-12,7.519177
SHRIMP_USD_KG,2025-08-13,7.668510
SHRIMP_USD_KG,2025-08-14,7.651827
SHRIMP_USD_KG,2025-08-15,7.718795
SHRIMP_USD_KG,2025-08-16,7.676289
SHRIMP_USD_KG,2025-08-17,7.739125
SHRIMP_USD_KG,2025-08-18,7.803660
SHRIMP_USD_KG,2025-08-19,7.874344
SHRIMP_USD_KG,2025-08-20,7.830151
SHRIMP_USD_KG,2025-08-21,7.757221
SHRIMP_USD_KG,2025-08-22,7.608435
SHRIMP_USD_KG,2025-08-23,7.542310
SHRIMP_USD_KG,2025-08-24,7.590049
SHRIMP_USD_KG,2025-08-25,7.630782
SHRIMP_USD_KG,2025-08-26,7.610950
SHRIMP_USD_KG,2025-08-27,7.581718
SHRIMP_USD_KG,2025-08-28,7.609467
SHRIMP_USD_KG,2025-08-29,7.600062
SHRIMP_USD_KG,2025-08-30,7.631031
SHRIMP_USD_KG,2025-08-31,7.566082
SHRIMP_USD_KG,2025-09-01,7.574752
SHRIMP_USD_KG,2025-09-02,7.611771
SHRIMP_USD_KG,2025-09-03,7.660116
SHRIMP_USD_KG,2025-09-04,7.695892
SHRIMP_USD_KG,2025-09-05,7.641537
SHRIMP_USD_KG,2025-09-06,7.591349
SHRIMP_USD_KG,2025-09-07,7.598644
SHRIMP_USD_KG,2025-09-08,7.629918
SHRIMP_USD_KG,2025-09-09,7.611035
SHRIMP_USD_KG,2025-09-10,7.700487
SHRIMP_USD_KG,2025-09-11,7.635841
SHRIMP_USD_KG,2025-09-12,7.579447
SHRIMP_USD_KG,2025-09-13,7.644012
SHRIMP_USD_KG,2025-09-14,7.610475
SHRIMP_USD_KG,2025-09-15,7.688860
SHRIMP_USD_KG,2025-09-16,7.695038
SHRIMP_USD_KG,2025-09-17,7.704798
SHRIMP_USD_KG,2025-09-18,7.731252
SHRIMP_USD_KG,2025-09-19,7.693145
SHRIMP_USD_KG,2025-09-20,7.644166
SHRIMP_USD_KG,2025-09-21,7.593361
SHRIMP_USD_KG,2025-09-22,7.565996
SHRIMP_USD_KG,2025-09-23,7.521321
SHRIMP_USD_KG,2025-09-24,7.526170
SHRIMP_USD_KG,2025-09-25,7.536668
SHRIMP_USD_KG,2025-09-26,7.667692
SHRIMP_USD_KG,2025-09-27,7.545867
SHRIMP_USD_KG,2025-09-28,7.518140
SHRIMP_USD_KG,2025-09-29,7.601466
SHRIMP_USD_KG,2025-09-30,7.519192
SHRIMP_USD_KG,2025-10-01,7.561985
SHRIMP_USD_KG,2025-10-02,7.583053
SHRIMP_USD_KG,2025-10-03,7.543833
SHRIMP_USD_KG,2025-10-04,7.538978
SHRIMP_USD_KG,2025-10-05,7.492057
SHRIMP_USD_KG,2025-10-06,7.545361
SHRIMP_USD_KG,2025-10-07,7.687325
SHRIMP_USD_KG,2025-10-08,7.665732
SHRIMP_USD_KG,2025-10-09,7.759392
SHRIMP_USD_KG,2025-10-10,7.767912
SHRIMP_USD_KG,2025-10-11,7.771025
SHRIMP_USD_KG,2025-10-12,7.743076
SHRIMP_USD_KG,2025-10-13,7.659543
SHRIMP_USD_KG,2025-10-14,7.642368
SHRIMP_USD_KG,2025-10-15,7.662608
SHRIMP_USD_KG,2025-10-16,7.591195
SHRIMP_USD_KG,2025-10-17,7.576744
SHRIMP_USD_KG,2025-10-18,7.575575
SHRIMP_USD_KG,2025-10-19,7.621425
SHRIMP_USD_KG,2025-10-20,7.591389
SHRIMP_USD_KG,2025-10-21,7.589081
SHRIMP_USD_KG,2025-10-22,7.536808
SHRIMP_USD_KG,2025-10-23,7.543166
SHRIMP_USD_KG,2025-10-24,7.433501
SHRIMP_USD_KG,2025-10-25,7.426369
SHRIMP_USD_KG,2025-10-26,7.454951
SHRIMP_USD_KG,2025-10-27,7.472910
SHRIMP_USD_KG,2025-10-28,7.510365
SHRIMP_USD_KG,2025-10-29,7.666369
SHRIMP_USD_KG,2025-10-30,7.744435
SHRIMP_USD_KG,2025-10-31,7.715948
SHRIMP_USD_KG,2025-11-01,7.687985
SHRIMP_USD_KG,2025-11-02,7.690507
SHRIMP_USD_KG,2025-11-03,7.698178
SHRIMP_USD_KG,2025-11-04,7.754640
SHRIMP_USD_KG,2025-11-05,7.756373
SHRIMP_USD_KG,2025-11-06,7.760761
SHRIMP_USD_KG,2025-11-07,7.730451
SHRIMP_USD_KG,2025-11-08,7.827491
SHRIMP_USD_KG,2025-11-09,7.857327
SHRIMP_USD_KG,2025-11-10,7.826569
SHRIMP_USD_KG,2025-11-11,7.803577
SHRIMP_USD_KG,2025-11-12,7.874456
SHRIMP_USD_KG,2025-11-13,7.865114
SHRIMP_USD_KG,2025-11-14,7.877182
SHRIMP_USD_KG,2025-11-15,7.903447
SHRIMP_USD_KG,2025-11-16,7.964726
SHRIMP_USD_KG,2025-11-17,7.897435
SHRIMP_USD_KG,2025-11-18,7.842852
SHRIMP_USD_KG,2025-11-19,7.747004
SHRIMP_USD_KG,2025-11-20,7.718451
SHRIMP_USD_KG,2025-11-21,7.679646
SHRIMP_USD_KG,2025-11-22,7.756025
SHRIMP_USD_KG,2025-11-23,7.864724
SHRIMP_USD_KG,2025-11-24,7.928690
SHRIMP_USD_KG,2025-11-25,7.967984
SHRIMP_USD_KG,2025-11-26,8.086616
SHRIMP_USD_KG,2025-11-27,8.137618
SHRIMP_USD_KG,2025-11-28,8.132648
SHRIMP_USD_KG,2025-11-29,8.126583
SHRIMP_USD_KG,2025-11-30,8.075923
SHRIMP_USD_KG,2025-12-01,8.179031
SHRIMP_USD_KG,2025-12-02,8.170105
SHRIMP_USD_KG,2025-12-03,8.207970
SHRIMP_USD_KG,2025-12-04,8.249676
SHRIMP_USD_KG,2025-12-05,8.215915
SHRIMP_USD_KG,2025-12-06,8.286175
SHRIMP_USD_KG,2025-12-07,8.319717
SHRIMP_USD_KG,2025-12-08,8.388757
SHRIMP_USD_KG,2025-12-09,8.334844
SHRIMP_USD_KG,2025-12-10,8.306986
SHRIMP_USD_KG,2025-12-11,8.291556
SHRIMP_USD_KG,2025-12-12,8.294302
SHRIMP_USD_KG,2025-12-13,8.340221
SHRIMP_USD_KG,2025-12-14,8.335496
SHRIMP_USD_KG,2025-12-15,8.347265
SHRIMP_USD_KG,2025-12-16,8.313497
SHRIMP_USD_KG,2025-12-17,8.302645
SHRIMP_USD_KG,2025-12-18,8.346362
SHRIMP_USD_KG,2025-12-19,8.434016
SHRIMP_USD_KG,2025-12-20,8.439008
SHRIMP_USD_KG,2025-12-21,8.399147
SHRIMP_USD_KG,2025-12-22,8.401682
SHRIMP_USD_KG,2025-12-23,8.548181
SHRIMP_USD_KG,2025-12-24,8.539047
SHRIMP_USD_KG,2025-12-25,8.474188
SHRIMP_USD_KG,2025-12-26,8.480643
SHRIMP_USD_KG,2025-12-27,8.536315
SHRIMP_USD_KG,2025-12-28,8.466673
SHRIMP_USD_KG,2025-12-29,8.343046
SHRIMP_USD_KG,2025-12-30,8.397760
SHRIMP_USD_KG,2025-12-31,8.441012
SHRIMP_USD_KG,2026-01-01,8.568697
SHRIMP_USD_KG,2026-01-02,8.575807
SHRIMP_USD_KG,2026-01-03,8.541001
SHRIMP_USD_KG,2026-01-04,8.536179
SHRIMP_USD_KG,2026-01-05,8.610634
SHRIMP_USD_KG,2026-01-06,8.537333
SHRIMP_USD_KG,2026-01-07,8.538419
SHRIMP_USD_KG,2026-01-08,8.552017
SHRIMP_USD_KG,2026-01-09,8.554660
SHRIMP_USD_KG,2026-01-10,8.519782
SHRIMP_USD_KG,2026-01-11,8.588952
SHRIMP_USD_KG,2026-01-12,8.523272
SHRIMP_USD_KG,2026-01-13,8.365112
SHRIMP_USD_KG,2026-01-14,8.287171
SHRIMP_USD_KG,2026-01-15,8.274846
SHRIMP_USD_KG,2026-01-16,8.411010
SHRIMP_USD_KG,2026-01-17,8.280179
SHRIMP_USD_KG,2026-01-18,8.259156
SHRIMP_USD_KG,2026-01-19,8.279472
SHRIMP_USD_KG,2026-01-20,8.293732
SHRIMP_USD_KG,2026-01-21,8.123883
SHRIMP_USD_KG,2026-01-22,8.037858
SHRIMP_USD_KG,2026-01-23,8.057083
SHRIMP_USD_KG,2026-01-24,8.054317
SHRIMP_USD_KG,2026-01-25,7.949222
SHRIMP_USD_KG,2026-01-26,7.849282
SHRIMP_USD_KG,2026-01-27,7.858435
SHRIMP_USD_KG,2026-01-28,7.792220
SHRIMP_USD_KG,2026-01-29,7.804149
SHRIMP_USD_KG,2026-01-30,7.830958
SHRIMP_USD_KG,2026-01-31,7.672892
SHRIMP_USD_KG,2026-02-01,7.569737
SHRIMP_USD_KG,2026-02-02,7.557109
SHRIMP_USD_KG,2026-02-03,7.489527
SHRIMP_USD_KG,2026-02-04,7.566122
SHRIMP_USD_KG,2026-02-05,7.534826
SHRIMP_USD_KG,2026-02-06,7.672399
SHRIMP_USD_KG,2026-02-07,7.756795
SHRIMP_USD_KG,2026-02-08,7.782452
SHRIMP_USD_KG,2026-02-09,7.716791
SHRIMP_USD_KG,2026-02-10,7.800564
SHRIMP_USD_KG,2026-02-11,7.803728
SHRIMP_USD_KG,2026-02-12,7.803846
SHRIMP_USD_KG,2026-02-13,7.840212
SHRIMP_USD_KG,2026-02-14,7.814767
SHRIMP_USD_KG,2026-02-15,7.898710
SHRIMP_USD_KG,2026-02-16,7.889315
SHRIMP_USD_KG,2026-02-17,7.881209
SHRIMP_USD_KG,2026-02-18,7.921207
SHRIMP_USD_KG,2026-02-19,7.917370
SHRIMP_USD_KG,2026-02-20,7.855543
SHRIMP_USD_KG,2026-02-21,7.875737
SHRIMP_USD_KG,2026-02-22,7.902703
SHRIMP_USD_KG,2026-02-23,7.842278
SHRIMP_USD_KG,2026-02-24,7.842335
SHRIMP_USD_KG,2026-02-25,7.820968
SHRIMP_USD_KG,2026-02-26,7.774743
SHRIMP_USD_KG,2026-02-27,7.821666
SHRIMP_USD_KG,2026-02-28,7.838013
SHRIMP_USD_KG,2026-03-01,7.825605
SHRIMP_USD_KG,2026-03-02,7.858803
SHRIMP_USD_KG,2026-03-03,7.975112
SHRIMP_USD_KG,2026-03-04,7.926001
SHRIMP_USD_KG,2026-03-05,7.910389
SHRIMP_USD_KG,2026-03-06,7.855558
SHRIMP_USD_KG,2026-03-07,7.863044
SHRIMP_USD_KG,2026-03-08,7.812858
SHRIMP_USD_KG,2026-03-09,7.866830
SHRIMP_USD_KG,2026-03-10,7.976920
SHRIMP_USD_KG,2026-03-11,7.959664
SHRIMP_USD_KG,2026-03-12,7.922272
SHRIMP_USD_KG,2026-03-13,7.839520
SHRIMP_USD_KG,2026-03-14,7.916929
SHRIMP_USD_KG,2026-03-15,7.852132
SHRIMP_USD_KG,2026-03-16,7.878054
SHRIMP_USD_KG,2026-03-17,7.876971
SHRIMP_USD_KG,2026-03-18,7.797274
SHRIMP_USD_KG,2026-03-19,7.769736
SHRIMP_USD_KG,2026-03-20,7.818295
SHRIMP_USD_KG,2026-03-21,7.847390
SHRIMP_USD_KG,2026-03-22,7.796233
SHRIMP_USD_KG,2026-03-23,7.801927
SHRIMP_USD_KG,2026-03-24,7.746112
SHRIMP_USD_KG,2026-03-25,7.885409
SHRIMP_USD_KG,2026-03-26,7.922211
SHRIMP_USD_KG,2026-03-27,7.965849
SHRIMP_USD_KG,2026-03-28,8.030857
SHRIMP_USD_KG,2026-03-29,8.056415
SHRIMP_USD_KG,2026-03-30,7.958108
SHRIMP_USD_KG,2026-03-31,8.010664
SHRIMP_USD_KG,2026-04-01,7.901742
SHRIMP_USD_KG,2026-04-02,7.810126
SHRIMP_USD_KG,2026-04-03,7.868316
SHRIMP_USD_KG,2026-04-04,7.873271
SHRIMP_USD_KG,2026-04-05,7.899487
SHRIMP_USD_KG,2026-04-06,7.893707
SHRIMP_USD_KG,2026-04-07,7.925442
SHRIMP_USD_KG,2026-04-08,7.889254
SHRIMP_USD_KG,2026-04-09,7.905340
SHRIMP_USD_KG,2026-04-10,7.776837
SHRIMP_USD_KG,2026-04-11,7.863521
SHRIMP_USD_KG,2026-04-12,7.880287
SHRIMP_USD_KG,2026-04-13,7.950486
SHRIMP_USD_KG,2026-04-14,8.049610
SHRIMP_USD_KG,2026-04-15,8.066023
SHRIMP_USD_KG,2026-04-16,8.033238
SHRIMP_USD_KG,2026-04-17,8.066902
SHRIMP_USD_KG,2026-04-18,8.207310
SHRIMP_USD_KG,2026-04-19,8.145154
SHRIMP_USD_KG,2026-04-20,8.163503
SHRIMP_USD_KG,2026-04-21,8.165910
SHRIMP_USD_KG,2026-04-22,8.150165
SHRIMP_USD_KG,2026-04-23,8.152929
SHRIMP_USD_KG,2026-04-24,8.161593
SHRIMP_USD_KG,2026-04-25,8.068050
SHRIMP_USD_KG,2026-04-26,8.038788
SHRIMP_USD_KG,2026-04-27,8.095329
SHRIMP_USD_KG,2026-04-28,8.184761
SHRIMP_USD_KG,2026-04-29,8.200041
SHRIMP_USD_KG,2026-04-30,8.314763
SHRIMP_USD_KG,2026-05-01,8.364273
SHRIMP_USD_KG,2026-05-02,8.399347
SHRIMP_USD_KG,2026-05-03,8.493995
SHRIMP_USD_KG,2026-05-04,8.393261
SHRIMP_USD_KG,2026-05-05,8.366592
SHRIMP_USD_KG,2026-05-06,8.306493
SHRIMP_USD_KG,2026-05-07,8.366081
SHRIMP_USD_KG,2026-05-08,8.265809
SHRIMP_USD_KG,2026-05-09,8.351258
SHRIMP_USD_KG,2026-05-10,8.403072
SHRIMP_USD_KG,2026-05-11,8.466396
SHRIMP_USD_KG,2026-05-12,8.442378
SHRIMP_USD_KG,2026-05-13,8.375866
SHRIMP_USD_KG,2026-05-14,8.261296
SHRIMP_USD_KG,2026-05-15,8.213140
SHRIMP_USD_KG,2026-05-16,8.187764
SHRIMP_USD_KG,2026-05-17,8.265142
SHRIMP_USD_KG,2026-05-18,8.272932
SHRIMP_USD_KG,2026-05-19,8.225952
SHRIMP_USD_KG,2026-05-20,8.158583
SHRIMP_USD_KG,2026-05-21,8.133311
SHRIMP_USD_KG,2026-05-22,8.153283
SHRIMP_USD_KG,2026-05-23,8.102871
SHRIMP_USD_KG,2026-05-24,8.156459
SHRIMP_USD_KG,2026-05-25,8.230076
SHRIMP_USD_KG,2026-05-26,8.284027
SHRIMP_USD_KG,2026-05-27,8.228886
SHRIMP_USD_KG,2026-05-28,8.263200
SHRIMP_USD_KG,2026-05-29,8.323188
SHRIMP_USD_KG,2026-05-30,8.347897
SHRIMP_USD_KG,2026-05-31,8.382658
SHRIMP_USD_KG,2026-06-01,8.248054
SHRIMP_USD_KG,2026-06-02,8.247774
SHRIMP_USD_KG,2026-06-03,8.307704
SHRIMP_USD_KG,2026-06-04,8.278892
SHRIMP_USD_KG,2026-06-05,8.217896
SHRIMP_USD_KG,2026-06-06,8.144138
SHRIMP_USD_KG,2026-06-07,8.098301
SHRIMP_USD_KG,2026-06-08,8.019914
SHRIMP_USD_KG,2026-06-09,8.033494
SHRIMP_USD_KG,2026-06-10,7.975658
SHRIMP_USD_KG,2026-06-11,7.922309
SHRIMP_USD_KG,2026-06-12,7.936205
SHRIMP_USD_KG,2026-06-13,8.009068
SHRIMP_USD_KG,2026-06-14,8.020020
SHRIMP_USD_KG,2026-06-15,8.100061
SHRIMP_USD_KG,2026-06-16,8.092174
SHRIMP_USD_KG,2026-06-17,8.125907
SHRIMP_USD_KG,2026-06-18,8.101139
SHRIMP_USD_KG,2026-06-19,8.003893
SHRIMP_USD_KG,2026-06-20,7.906932
SHRIMP_USD_KG,2026-06-21,8.136463
SHRIMP_USD_KG,2026-06-22,8.053027
SHRIMP_USD_KG,2026-06-23,8.076074
SHRIMP_USD_KG,2026-06-24,8.072828
SHRIMP_USD_KG,2026-06-25,8.078223
SHRIMP_USD_KG,2026-06-26,8.101965
SHRIMP_USD_KG,2026-06-27,8.089122
SHRIMP_USD_KG,2026-06-28,8.146368
SHRIMP_USD_KG,2026-06-29,8.136401
SHRIMP_USD_KG,2026-06-30,8.162621
SOYBEAN_OIL_USD_KG,2024-08-01,1.042454
SOYBEAN_OIL_USD_KG,2024-08-02,1.043296
SOYBEAN_OIL_USD_KG,2024-08-03,1.028476
SOYBEAN_OIL_USD_KG,2024-08-04,1.031441
SOYBEAN_OIL_USD_KG,2024-08-05,1.033699
SOYBEAN_OIL_USD_KG,2024-08-06,1.041268
SOYBEAN_OIL_USD_KG,2024-08-07,1.044123
SOYBEAN_OIL_USD_KG,2024-08-08,1.057198
SOYBEAN_OIL_USD_KG,2024-08-09,1.051853
SOYBEAN_OIL_USD_KG,2024-08-10,1.045474
SOYBEAN_OIL_USD_KG,2024-08-11,1.058488
SOYBEAN_OIL_USD_KG,2024-08-12,1.056529
SOYBEAN_OIL_USD_KG,2024-08-13,1.038057
SOYBEAN_OIL_USD_KG,2024-08-14,1.032237
SOYBEAN_OIL_USD_KG,2024-08-15,1.026330
SOYBEAN_OIL_USD_KG,2024-08-16,1.032430
SOYBEAN_OIL_USD_KG,2024-08-17,1.024222
SOYBEAN_OIL_USD_KG,2024-08-18,1.019414
SOYBEAN_OIL_USD_KG,2024-08-19,1.015012
SOYBEAN_OIL_USD_KG,2024-08-20,1.002239
SOYBEAN_OIL_USD_KG,2024-08-21,1.013800
SOYBEAN_OIL_USD_KG,2024-08-22,1.025733
SOYBEAN_OIL_USD_KG,2024-08-23,1.036424
SOYBEAN_OIL_USD_KG,2024-08-24,1.042859
SOYBEAN_OIL_USD_KG,2024-08-25,1.053411
SOYBEAN_OIL_USD_KG,2024-08-26,1.053239
SOYBEAN_OIL_USD_KG,2024-08-27,1.051913
SOYBEAN_OIL_USD_KG,2024-08-28,1.052632
SOYBEAN_OIL_USD_KG,2024-08-29,1.041324
SOYBEAN_OIL_USD_KG,2024-08-30,1.033485
SOYBEAN_OIL_USD_KG,2024-08-31,1.039704
SOYBEAN_OIL_USD_KG,2024-09-01,1.061526
SOYBEAN_OIL_USD_KG,2024-09-02,1.044210
SOYBEAN_OIL_USD_KG,2024-09-03,1.056433
SOYBEAN_OIL_USD_KG,2024-09-04,1.068518
SOYBEAN_OIL_USD_KG,2024-09-05,1.079250
SOYBEAN_OIL_USD_KG,2024-09-06,1.066937
SOYBEAN_OIL_USD_KG,2024-09-07,1.068154
SOYBEAN_OIL_USD_KG,2024-09-08,1.076175
SOYBEAN_OIL_USD_KG,2024-09-09,1.065796
SOYBEAN_OIL_USD_KG,2024-09-10,1.084674
SOYBEAN_OIL_USD_KG,2024-09-11,1.091760
SOYBEAN_OIL_USD_KG,2024-09-12,1.106819
SOYBEAN_OIL_USD_KG,2024-09-13,1.114797
SOYBEAN_OIL_USD_KG,2024-09-14,1.105897
SOYBEAN_OIL_USD_KG,2024-09-15,1.098130
SOYBEAN_OIL_USD_KG,2024-09-16,1.088693
SOYBEAN_OIL_USD_KG,2024-09-17,1.085463
SOYBEAN_OIL_USD_KG,2024-09-18,1.075997
SOYBEAN_OIL_USD_KG,2024-09-19,1.072921
SOYBEAN_OIL_USD_KG,2024-09-20,1.070082
SOYBEAN_OIL_USD_KG,2024-09-21,1.066075
SOYBEAN_OIL_USD_KG,2024-09-22,1.073004
SOYBEAN_OIL_USD_KG,2024-09-23,1.056417
SOYBEAN_OIL_USD_KG,2024-09-24,1.062631
SOYBEAN_OIL_USD_KG,2024-09-25,1.066304
SOYBEAN_OIL_USD_KG,2024-09-26,1.054118
SOYBEAN_OIL_USD_KG,2024-09-27,1.044742
SOYBEAN_OIL_USD_KG,2024-09-28,1.043179
SOYBEAN_OIL_USD_KG,2024-09-29,1.020862
SOYBEAN_OIL_USD_KG,2024-09-30,1.026284
SOYBEAN_OIL_USD_KG,2024-10-01,1.038163
SOYBEAN_OIL_USD_KG,2024-10-02,1.036661
SOYBEAN_OIL_USD_KG,2024-10-03,1.033724
SOYBEAN_OIL_USD_KG,2024-10-04,1.037933
SOYBEAN_OIL_USD_KG,2024-10-05,1.040581
SOYBEAN_OIL_USD_KG,2024-10-06,1.031931
SOYBEAN_OIL_USD_KG,2024-10-07,1.043203
SOYBEAN_OIL_USD_KG,2024-10-08,1.031796
SOYBEAN_OIL_USD_KG,2024-10-09,1.032572
SOYBEAN_OIL_USD_KG,2024-10-10,1.049974
SOYBEAN_OIL_USD_KG,2024-10-11,1.051392
SOYBEAN_OIL_USD_KG,2024-10-12,1.057158
SOYBEAN_OIL_USD_KG,2024-10-13,1.079525
SOYBEAN_OIL_USD_KG,2024-10-14,1.074959
SOYBEAN_OIL_USD_KG,2024-10-15,1.068412
SOYBEAN_OIL_USD_KG,2024-10-16,1.067383
SOYBEAN_OIL_USD_KG,2024-10-17,1.066613
SOYBEAN_OIL_USD_KG,2024-10-18,1.067461
SOYBEAN_OIL_USD_KG,2024-10-19,1.058292
SOYBEAN_OIL_USD_KG,2024-10-20,1.052956
SOYBEAN_OIL_USD_KG,2024-10-21,1.054399
SOYBEAN_OIL_USD_KG,2024-10-22,1.056764
SOYBEAN_OIL_USD_KG,2024-10-23,1.080319
SOYBEAN_OIL_USD_KG,2024-10-24,1.103230
SOYBEAN_OIL_USD_KG,2024-10-25,1.105522
SOYBEAN_OIL_USD_KG,2024-10-26,1.121009
SOYBEAN_OIL_USD_KG,2024-10-27,1.112625
SOYBEAN_OIL_USD_KG,2024-10-28,1.124926
SOYBEAN_OIL_USD_KG,2024-10-29,1.103455
SOYBEAN_OIL_USD_KG,2024-10-30,1.091864
SOYBEAN_OIL_USD_KG,2024-10-31,1.087103
SOYBEAN_OIL_USD_KG,2024-11-01,1.082496
SOYBEAN_OIL_USD_KG,2024-11-02,1.067163
SOYBEAN_OIL_USD_KG,2024-11-03,1.069978
SOYBEAN_OIL_USD_KG,2024-11-04,1.058940
SOYBEAN_OIL_USD_KG,2024-11-05,1.054850
SOYBEAN_OIL_USD_KG,2024-11-06,1.049075
SOYBEAN_OIL_USD_KG,2024-11-07,1.050211
SOYBEAN_OIL_USD_KG,2024-11-08,1.054862
SOYBEAN_OIL_USD_KG,2024-11-09,1.072173
SOYBEAN_OIL_USD_KG,2024-11-10,1.052194
SOYBEAN_OIL_USD_KG,2024-11-11,1.050587
SOYBEAN_OIL_USD_KG,2024-11-12,1.064713
SOYBEAN_OIL_USD_KG,2024-11-13,1.064920
SOYBEAN_OIL_USD_KG,2024-11-14,1.077618
SOYBEAN_OIL_USD_KG,2024-11-15,1.089886
SOYBEAN_OIL_USD_KG,2024-11-16,1.082187
SOYBEAN_OIL_USD_KG,2024-11-17,1.081103
SOYBEAN_OIL_USD_KG,2024-11-18,1.091353
SOYBEAN_OIL_USD_KG,2024-11-19,1.093629
SOYBEAN_OIL_USD_KG,2024-11-20,1.098540
SOYBEAN_OIL_USD_KG,2024-11-21,1.101993
SOYBEAN_OIL_USD_KG,2024-11-22,1.078102
SOYBEAN_OIL_USD_KG,2024-11-23,1.098187
SOYBEAN_OIL_USD_KG,2024-11-24,1.116487
SOYBEAN_OIL_USD_KG,2024-11-25,1.139707
SOYBEAN_OIL_USD_KG,2024-11-26,1.145472
SOYBEAN_OIL_USD_KG,2024-11-27,1.142542
SOYBEAN_OIL_USD_KG,2024-11-28,1.134909
SOYBEAN_OIL_USD_KG,2024-11-29,1.129209
SOYBEAN_OIL_USD_KG,2024-11-30,1.144284
SOYBEAN_OIL_USD_KG,2024-12-01,1.110124
SOYBEAN_OIL_USD_KG,2024-12-02,1.090733
SOYBEAN_OIL_USD_KG,2024-12-03,1.101277
SOYBEAN_OIL_USD_KG,2024-12-04,1.105574
SOYBEAN_OIL_USD_KG,2024-12-05,1.104789
SOYBEAN_OIL_USD_KG,2024-12-06,1.108117
SOYBEAN_OIL_USD_KG,2024-12-07,1.100013
SOYBEAN_OIL_USD_KG,2024-12-08,1.098441
SOYBEAN_OIL_USD_KG,2024-12-09,1.124765
SOYBEAN_OIL_USD_KG,2024-12-10,1.121407
SOYBEAN_OIL_USD_KG,2024-12-11,1.125427
SOYBEAN_OIL_USD_KG,2024-12-12,1.122660
SOYBEAN_OIL_USD_KG,2024-12-13,1.124903
SOYBEAN_OIL_USD_KG,2024-12-14,1.125643
SOYBEAN_OIL_USD_KG,2024-12-15,1.126585
SOYBEAN_OIL_USD_KG,2024-12-16,1.121848
SOYBEAN_OIL_USD_KG,2024-12-17,1.110523
SOYBEAN_OIL_USD_KG,2024-12-18,1.105179
SOYBEAN_OIL_USD_KG,2024-12-19,1.080652
SOYBEAN_OIL_USD_KG,2024-12-20,1.089163
SOYBEAN_OIL_USD_KG,2024-12-21,1.085121
SOYBEAN_OIL_USD_KG,2024-12-22,1.088568
SOYBEAN_OIL_USD_KG,2024-12-23,1.097790
SOYBEAN_OIL_USD_KG,2024-12-24,1.096964
SOYBEAN_OIL_USD_KG,2024-12-25,1.100312
SOYBEAN_OIL_USD_KG,2024-12-26,1.078980
SOYBEAN_OIL_USD_KG,2024-12-27,1.077568
SOYBEAN_OIL_USD_KG,2024-12-28,1.067264
SOYBEAN_OIL_USD_KG,2024-12-29,1.072130
SOYBEAN_OIL_USD_KG,2024-12-30,1.078705
SOYBEAN_OIL_USD_KG,2024-12-31,1.079087
SOYBEAN_OIL_USD_KG,2025-01-01,1.046912
SOYBEAN_OIL_USD_KG,2025-01-02,1.036760
SOYBEAN_OIL_USD_KG,2025-01-03,1.042071
SOYBEAN_OIL_USD_KG,2025-01-04,1.023170
SOYBEAN_OIL_USD_KG,2025-01-05,1.031690
SOYBEAN_OIL_USD_KG,2025-01-06,1.035436
SOYBEAN_OIL_USD_KG,2025-01-07,1.041274
SOYBEAN_OIL_USD_KG,2025-01-08,1.059297
SOYBEAN_OIL_USD_KG,2025-01-09,1.060151
SOYBEAN_OIL_USD_KG,2025-01-10,1.042249
SOYBEAN_OIL_USD_KG,2025-01-11,1.018447
SOYBEAN_OIL_USD_KG,2025-01-12,0.999293
SOYBEAN_OIL_USD_KG,2025-01-13,1.016346
SOYBEAN_OIL_USD_KG,2025-01-14,1.032057
SOYBEAN_OIL_USD_KG,2025-01-15,1.019521
SOYBEAN_OIL_USD_KG,2025-01-16,1.007461
SOYBEAN_OIL_USD_KG,2025-01-17,1.007243
SOYBEAN_OIL_USD_KG,2025-01-18,0.988893
SOYBEAN_OIL_USD_KG,2025-01-19,0.990254
SOYBEAN_OIL_USD_KG,2025-01-20,0.973699
SOYBEAN_OIL_USD_KG,2025-01-21,0.976162
SOYBEAN_OIL_USD_KG,2025-01-22,0.984519
SOYBEAN_OIL_USD_KG,2025-01-23,0.985432
SOYBEAN_OIL_USD_KG,2025-01-24,0.980751
SOYBEAN_OIL_USD_KG,2025-01-25,0.990040
SOYBEAN_OIL_USD_KG,2025-01-26,0.977142
SOYBEAN_OIL_USD_KG,2025-01-27,1.002418
SOYBEAN_OIL_USD_KG,2025-01-28,0.977619
SOYBEAN_OIL_USD_KG,2025-01-29,0.971293
SOYBEAN_OIL_USD_KG,2025-01-30,0.967880
SOYBEAN_OIL_USD_KG,2025-01-31,0.966396
SOYBEAN_OIL_USD_KG,2025-02-01,0.967152
SOYBEAN_OIL_USD_KG,2025-02-02,0.967213
SOYBEAN_OIL_USD_KG,2025-02-03,0.968016
SOYBEAN_OIL_USD_KG,2025-02-04,0.977005
SOYBEAN_OIL_USD_KG,2025-02-05,0.982761
SOYBEAN_OIL_USD_KG,2025-02-06,0.992981
SOYBEAN_OIL_USD_KG,2025-02-07,0.994391
SOYBEAN_OIL_USD_KG,2025-02-08,1.012044
SOYBEAN_OIL_USD_KG,2025-02-09,1.008535
SOYBEAN_OIL_USD_KG,2025-02-10,1.007434
SOYBEAN_OIL_USD_KG,2025-02-11,1.006458
SOYBEAN_OIL_USD_KG,2025-02-12,1.019798
SOYBEAN_OIL_USD_KG,2025-02-13,1.013004
SOYBEAN_OIL_USD_KG,2025-02-14,1.025420
SOYBEAN_OIL_USD_KG,2025-02-15,1.013194
SOYBEAN_OIL_USD_KG,2025-02-16,1.025914
SOYBEAN_OIL_USD_KG,2025-02-17,1.017306
SOYBEAN_OIL_USD_KG,2025-02-18,1.019779
SOYBEAN_OIL_USD_KG,2025-02-19,1.015007
SOYBEAN_OIL_USD_KG,2025-02-20,1.023527
SOYBEAN_OIL_USD_KG,2025-02-21,1.026288
SOYBEAN_OIL_USD_KG,2025-02-22,1.032934
SOYBEAN_OIL_USD_KG,2025-02-23,1.033665
SOYBEAN_OIL_USD_KG,2025-02-24,1.041264
SOYBEAN_OIL_USD_KG,2025-02-25,1.043895
SOYBEAN_OIL_USD_KG,2025-02-26,1.033105
SOYBEAN_OIL_USD_KG,2025-02-27,1.027790
SOYBEAN_OIL_USD_KG,2025-02-28,1.036042
SOYBEAN_OIL_USD_KG,2025-03-01,1.035836
SOYBEAN_OIL_USD_KG,2025-03-02,1.025527
SOYBEAN_OIL_USD_KG,2025-03-03,1.033825
SOYBEAN_OIL_USD_KG,2025-03-04,1.034921
SOYBEAN_OIL_USD_KG,2025-03-05,1.028584
SOYBEAN_OIL_USD_KG,2025-03-06,1.038823
SOYBEAN_OIL_USD_KG,2025-03-07,1.029540
SOYBEAN_OIL_USD_KG,2025-03-08,1.024696
SOYBEAN_OIL_USD_KG,2025-03-09,1.021853
SOYBEAN_OIL_USD_KG,2025-03-10,1.026770
SOYBEAN_OIL_USD_KG,2025-03-11,1.025699
SOYBEAN_OIL_USD_KG,2025-03-12,1.043039
SOYBEAN_OIL_USD_KG,2025-03-13,1.034430
SOYBEAN_OIL_USD_KG,2025-03-14,1.033739
SOYBEAN_OIL_USD_KG,2025-03-15,1.052577
SOYBEAN_OIL_USD_KG,2025-03-16,1.048097
SOYBEAN_OIL_USD_KG,2025-03-17,1.042695
SOYBEAN_OIL_USD_KG,2025-03-18,1.037536
SOYBEAN_OIL_USD_KG,2025-03-19,1.065801
SOYBEAN_OIL_USD_KG,2025-03-20,1.066552
SOYBEAN_OIL_USD_KG,2025-03-21,1.063083
SOYBEAN_OIL_USD_KG,2025-03-22,1.051561
SOYBEAN_OIL_USD_KG,2025-03-23,1.032792
SOYBEAN_OIL_USD_KG,2025-03-24,1.018842
SOYBEAN_OIL_USD_KG,2025-03-25,1.014100
SOYBEAN_OIL_USD_KG,2025-03-26,1.012880
SOYBEAN_OIL_USD_KG,2025-03-27,1.016843
SOYBEAN_OIL_USD_KG,2025-03-28,1.022642
SOYBEAN_OIL_USD_KG,2025-03-29,1.023298
SOYBEAN_OIL_USD_KG,2025-03-30,1.027726
SOYBEAN_OIL_USD_KG,2025-03-31,1.023420
SOYBEAN_OIL_USD_KG,2025-04-01,1.012584
SOYBEAN_OIL_USD_KG,2025-04-02,1.026119
SOYBEAN_OIL_USD_KG,2025-04-03,1.027220
SOYBEAN_OIL_USD_KG,2025-04-04,1.038869
SOYBEAN_OIL_USD_KG,2025-04-05,1.059632
SOYBEAN_OIL_USD_KG,2025-04-06,1.080289
SOYBEAN_OIL_USD_KG,2025-04-07,1.082127
SOYBEAN_OIL_USD_KG,2025-04-08,1.093441
SOYBEAN_OIL_USD_KG,2025-04-09,1.108105
SOYBEAN_OIL_USD_KG,2025-04-10,1.111864
SOYBEAN_OIL_USD_KG,2025-04-11,1.119787
SOYBEAN_OIL_USD_KG,2025-04-12,1.114319
SOYBEAN_OIL_USD_KG,2025-04-13,1.091006
SOYBEAN_OIL_USD_KG,2025-04-14,1.095382
SOYBEAN_OIL_USD_KG,2025-04-15,1.089729
SOYBEAN_OIL_USD_KG,2025-04-16,1.073547
SOYBEAN_OIL_USD_KG,2025-04-17,1.072958
SOYBEAN_OIL_USD_KG,2025-04-18,1.069388
SOYBEAN_OIL_USD_KG,2025-04-19,1.067109
SOYBEAN_OIL_USD_KG,2025-04-20,1.054507
SOYBEAN_OIL_USD_KG,2025-04-21,1.062083
SOYBEAN_OIL_USD_KG,2025-04-22,1.066446
SOYBEAN_OIL_USD_KG,2025-04-23,1.063366
SOYBEAN_OIL_USD_KG,2025-04-24,1.048328
SOYBEAN_OIL_USD_KG,2025-04-25,1.042713
SOYBEAN_OIL_USD_KG,2025-04-26,1.052131
SOYBEAN_OIL_USD_KG,2025-04-27,1.062015
SOYBEAN_OIL_USD_KG,2025-04-28,1.059833
SOYBEAN_OIL_USD_KG,2025-04-29,1.060719
SOYBEAN_OIL_USD_KG,2025-04-30,1.062469
SOYBEAN_OIL_USD_KG,2025-05-01,1.067031
SOYBEAN_OIL_USD_KG,2025-05-02,1.062245
SOYBEAN_OIL_USD_KG,2025-05-03,1.076556
SOYBEAN_OIL_USD_KG,2025-05-04,1.096512
SOYBEAN_OIL_USD_KG,2025-05-05,1.109030
SOYBEAN_OIL_USD_KG,2025-05-06,1.115047
SOYBEAN_OIL_USD_KG,2025-05-07,1.110674
SOYBEAN_OIL_USD_KG,2025-05-08,1.109047
SOYBEAN_OIL_USD_KG,2025-05-09,1.102668
SOYBEAN_OIL_USD_KG,2025-05-10,1.113664
SOYBEAN_OIL_USD_KG,2025-05-11,1.093096
SOYBEAN_OIL_USD_KG,2025-05-12,1.086575
SOYBEAN_OIL_USD_KG,2025-05-13,1.072971
SOYBEAN_OIL_USD_KG,2025-05-14,1.075918
SOYBEAN_OIL_USD_KG,2025-05-15,1.072986
SOYBEAN_OIL_USD_KG,2025-05-16,1.078014
SOYBEAN_OIL_USD_KG,2025-05-17,1.099987
SOYBEAN_OIL_USD_KG,2025-05-18,1.089279
SOYBEAN_OIL_USD_KG,2025-05-19,1.070357
SOYBEAN_OIL_USD_KG,2025-05-20,1.075014
SOYBEAN_OIL_USD_KG,2025-05-21,1.073274
SOYBEAN_OIL_USD_KG,2025-05-22,1.060713
SOYBEAN_OIL_USD_KG,2025-05-23,1.059124
SOYBEAN_OIL_USD_KG,2025-05-24,1.055002
SOYBEAN_OIL_USD_KG,2025-05-25,1.053459
SOYBEAN_OIL_USD_KG,2025-05-26,1.049319
SOYBEAN_OIL_USD_KG,2025-05-27,1.051794
SOYBEAN_OIL_USD_KG,2025-05-28,1.045814
SOYBEAN_OIL_USD_KG,2025-05-29,1.053447
SOYBEAN_OIL_USD_KG,2025-05-30,1.057173
SOYBEAN_OIL_USD_KG,2025-05-31,1.052037
SOYBEAN_OIL_USD_KG,2025-06-01,1.047438
SOYBEAN_OIL_USD_KG,2025-06-02,1.041207
SOYBEAN_OIL_USD_KG,2025-06-03,1.059711
SOYBEAN_OIL_USD_KG,2025-06-04,1.040335
SOYBEAN_OIL_USD_KG,2025-06-05,1.036818
SOYBEAN_OIL_USD_KG,2025-06-06,1.026564
SOYBEAN_OIL_USD_KG,2025-06-07,1.023151
SOYBEAN_OIL_USD_KG,2025-06-08,1.025694
SOYBEAN_OIL_USD_KG,2025-06-09,1.001095
SOYBEAN_OIL_USD_KG,2025-06-10,0.993936
SOYBEAN_OIL_USD_KG,2025-06-11,0.993572
SOYBEAN_OIL_USD_KG,2025-06-12,0.995798
SOYBEAN_OIL_USD_KG,2025-06-13,1.002374
SOYBEAN_OIL_USD_KG,2025-06-14,1.001616
SOYBEAN_OIL_USD_KG,2025-06-15,1.002407
SOYBEAN_OIL_USD_KG,2025-06-16,1.009974
SOYBEAN_OIL_USD_KG,2025-06-17,1.007444
SOYBEAN_OIL_USD_KG,2025-06-18,1.016766
SOYBEAN_OIL_USD_KG,2025-06-19,1.023812
SOYBEAN_OIL_USD_KG,2025-06-20,1.034596
SOYBEAN_OIL_USD_KG,2025-06-21,1.043131
SOYBEAN_OIL_USD_KG,2025-06-22,1.049519
SOYBEAN_OIL_USD_KG,2025-06-23,1.061401
SOYBEAN_OIL_USD_KG,2025-06-24,1.059058
SOYBEAN_OIL_USD_KG,2025-06-25,1.063831
SOYBEAN_OIL_USD_KG,2025-06-26,1.066612
SOYBEAN_OIL_USD_KG,2025-06-27,1.057709
SOYBEAN_OIL_USD_KG,2025-06-28,1.076202
SOYBEAN_OIL_USD_KG,2025-06-29,1.080895
SOYBEAN_OIL_USD_KG,2025-06-30,1.067963
SOYBEAN_OIL_USD_KG,2025-07-01,1.068826
SOYBEAN_OIL_USD_KG,2025-07-02,1.072598
SOYBEAN_OIL_USD_KG,2025-07-03,1.079142
SOYBEAN_OIL_USD_KG,2025-07-04,1.079861
SOYBEAN_OIL_USD_KG,2025-07-05,1.095380
SOYBEAN_OIL_USD_KG,2025-07-06,1.117643
SOYBEAN_OIL_USD_KG,2025-07-07,1.102994
SOYBEAN_OIL_USD_KG,2025-07-08,1.117110
SOYBEAN_OIL_USD_KG,2025-07-09,1.132836
SOYBEAN_OIL_USD_KG,2025-07-10,1.123076
SOYBEAN_OIL_USD_KG,2025-07-11,1.138745
SOYBEAN_OIL_USD_KG,2025-07-12,1.110870
SOYBEAN_OIL_USD_KG,2025-07-13,1.123643
SOYBEAN_OIL_USD_KG,2025-07-14,1.127282
SOYBEAN_OIL_USD_KG,2025-07-15,1.140204
SOYBEAN_OIL_USD_KG,2025-07-16,1.147399
SOYBEAN_OIL_USD_KG,2025-07-17,1.166311
SOYBEAN_OIL_USD_KG,2025-07-18,1.157205
SOYBEAN_OIL_USD_KG,2025-07-19,1.155108
SOYBEAN_OIL_USD_KG,2025-07-20,1.161206
SOYBEAN_OIL_USD_KG,2025-07-21,1.170433
SOYBEAN_OIL_USD_KG,2025-07-22,1.182856
SOYBEAN_OIL_USD_KG,2025-07-23,1.161872
SOYBEAN_OIL_USD_KG,2025-07-24,1.159934
SOYBEAN_OIL_USD_KG,2025-07-25,1.145371
SOYBEAN_OIL_USD_KG,2025-07-26,1.152824
SOYBEAN_OIL_USD_KG,2025-07-27,1.147094
SOYBEAN_OIL_USD_KG,2025-07-28,1.169083
SOYBEAN_OIL_USD_KG,2025-07-29,1.159048
SOYBEAN_OIL_USD_KG,2025-07-30,1.171346
SOYBEAN_OIL_USD_KG,2025-07-31,1.178002
SOYBEAN_OIL_USD_KG,2025-08-01,1.179416
SOYBEAN_OIL_USD_KG,2025-08-02,1.181135
SOYBEAN_OIL_USD_KG,2025-08-03,1.183488
SOYBEAN_OIL_USD_KG,2025-08-04,1.170335
SOYBEAN_OIL_USD_KG,2025-08-05,1.187140
SOYBEAN_OIL_USD_KG,2025-08-06,1.202222
SOYBEAN_OIL_USD_KG,2025-08-07,1.193451
SOYBEAN_OIL_USD_KG,2025-08-08,1.185688
SOYBEAN_OIL_USD_KG,2025-08-09,1.190216
SOYBEAN_OIL_USD_KG,2025-08-10,1.172311
SOYBEAN_OIL_USD_KG,2025-08-11,1.164933
SOYBEAN_OIL_USD_KG,2025-08-12,1.167581
SOYBEAN_OIL_USD_KG,2025-08-13,1.173575
SOYBEAN_OIL_USD_KG,2025-08-14,1.150254
SOYBEAN_OIL_USD_KG,2025-08-15,1.145984
SOYBEAN_OIL_USD_KG,2025-08-16,1.137204
SOYBEAN_OIL_USD_KG,2025-08-17,1.141783
SOYBEAN_OIL_USD_KG,2025-08-18,1.141424
SOYBEAN_OIL_USD_KG,2025-08-19,1.143429
SOYBEAN_OIL_USD_KG,2025-08-20,1.134911
SOYBEAN_OIL_USD_KG,2025-08-21,1.117915
SOYBEAN_OIL_USD_KG,2025-08-22,1.109380
SOYBEAN_OIL_USD_KG,2025-08-23,1.112999
SOYBEAN_OIL_USD_KG,2025-08-24,1.116955
SOYBEAN_OIL_USD_KG,2025-08-25,1.121324
SOYBEAN_OIL_USD_KG,2025-08-26,1.134197
SOYBEAN_OIL_USD_KG,2025-08-27,1.148798
SOYBEAN_OIL_USD_KG,2025-08-28,1.131551
SOYBEAN_OIL_USD_KG,2025-08-29,1.137726
SOYBEAN_OIL_USD_KG,2025-08-30,1.125028
SOYBEAN_OIL_USD_KG,2025-08-31,1.137383
SOYBEAN_OIL_USD_KG,2025-09-01,1.145045
SOYBEAN_OIL_USD_KG,2025-09-02,1.127372
SOYBEAN_OIL_USD_KG,2025-09-03,1.131298
SOYBEAN_OIL_USD_KG,2025-09-04,1.113859
SOYBEAN_OIL_USD_KG,2025-09-05,1.122489
SOYBEAN_OIL_USD_KG,2025-09-06,1.116817
SOYBEAN_OIL_USD_KG,2025-09-07,1.099739
SOYBEAN_OIL_USD_KG,2025-09-08,1.096845
SOYBEAN_OIL_USD_KG,2025-09-09,1.104406
SOYBEAN_OIL_USD_KG,2025-09-10,1.106769
SOYBEAN_OIL_USD_KG,2025-09-11,1.099995
SOYBEAN_OIL_USD_KG,2025-09-12,1.098606
SOYBEAN_OIL_USD_KG,2025-09-13,1.103385
SOYBEAN_OIL_USD_KG,2025-09-14,1.106809
SOYBEAN_OIL_USD_KG,2025-09-15,1.103921
SOYBEAN_OIL_USD_KG,2025-09-16,1.122692
SOYBEAN_OIL_USD_KG,2025-09-17,1.108461
SOYBEAN_OIL_USD_KG,2025-09-18,1.105176
SOYBEAN_OIL_USD_KG,2025-09-19,1.118868
SOYBEAN_OIL_USD_KG,2025-09-20,1.108397
SOYBEAN_OIL_USD_KG,2025-09-21,1.117416
SOYBEAN_OIL_USD_KG,2025-09-22,1.099893
SOYBEAN_OIL_USD_KG,2025-09-23,1.101225
SOYBEAN_OIL_USD_KG,2025-09-24,1.107149
SOYBEAN_OIL_USD_KG,2025-09-25,1.101825
SOYBEAN_OIL_USD_KG,2025-09-26,1.109610
SOYBEAN_OIL_USD_KG,2025-09-27,1.109041
SOYBEAN_OIL_USD_KG,2025-09-28,1.105859
SOYBEAN_OIL_USD_KG,2025-09-29,1.100011
SOYBEAN_OIL_USD_KG,2025-09-30,1.102000
SOYBEAN_OIL_USD_KG,2025-10-01,1.097146
SOYBEAN_OIL_USD_KG,2025-10-02,1.094186
SOYBEAN_OIL_USD_KG,2025-10-03,1.077122
SOYBEAN_OIL_USD_KG,2025-10-04,1.058620
SOYBEAN_OIL_USD_KG,2025-10-05,1.043257
SOYBEAN_OIL_USD_KG,2025-10-06,1.029893
SOYBEAN_OIL_USD_KG,2025-10-07,1.040072
SOYBEAN_OIL_USD_KG,2025-10-08,1.038936
SOYBEAN_OIL_USD_KG,2025-10-09,1.043094
SOYBEAN_OIL_USD_KG,2025-10-10,1.033421
SOYBEAN_OIL_USD_KG,2025-10-11,1.024443
SOYBEAN_OIL_USD_KG,2025-10-12,1.028062
SOYBEAN_OIL_USD_KG,2025-10-13,1.036821
SOYBEAN_OIL_USD_KG,2025-10-14,1.041039
SOYBEAN_OIL_USD_KG,2025-10-15,1.011783
SOYBEAN_OIL_USD_KG,2025-10-16,0.994264
SOYBEAN_OIL_USD_KG,2025-10-17,0.985474
SOYBEAN_OIL_USD_KG,2025-10-18,0.983449
SOYBEAN_OIL_USD_KG,2025-10-19,0.994119
SOYBEAN_OIL_USD_KG,2025-10-20,0.998788
SOYBEAN_OIL_USD_KG,2025-10-21,0.986089
SOYBEAN_OIL_USD_KG,2025-10-22,0.985685
SOYBEAN_OIL_USD_KG,2025-10-23,0.996869
SOYBEAN_OIL_USD_KG,2025-10-24,0.999773
SOYBEAN_OIL_USD_KG,2025-10-25,0.995244
SOYBEAN_OIL_USD_KG,2025-10-26,1.000143
SOYBEAN_OIL_USD_KG,2025-10-27,1.011177
SOYBEAN_OIL_USD_KG,2025-10-28,1.007951
SOYBEAN_OIL_USD_KG,2025-10-29,1.015491
SOYBEAN_OIL_USD_KG,2025-10-30,1.003550
SOYBEAN_OIL_USD_KG,2025-10-31,1.001681
SOYBEAN_OIL_USD_KG,2025-11-01,0.994559
SOYBEAN_OIL_USD_KG,2025-11-02,0.995664
SOYBEAN_OIL_USD_KG,2025-11-03,0.994511
SOYBEAN_OIL_USD_KG,2025-11-04,0.982948
SOYBEAN_OIL_USD_KG,2025-11-05,0.994037
SOYBEAN_OIL_USD_KG,2025-11-06,0.983287
SOYBEAN_OIL_USD_KG,2025-11-07,0.984564
SOYBEAN_OIL_USD_KG,2025-11-08,0.985939
SOYBEAN_OIL_USD_KG,2025-11-09,0.993861
SOYBEAN_OIL_USD_KG,2025-11-10,0.977984
SOYBEAN_OIL_USD_KG,2025-11-11,0.988860
SOYBEAN_OIL_USD_KG,2025-11-12,1.000163
SOYBEAN_OIL_USD_KG,2025-11-13,1.005565
SOYBEAN_OIL_USD_KG,2025-11-14,1.015377
SOYBEAN_OIL_USD_KG,2025-11-15,1.027524
SOYBEAN_OIL_USD_KG,2025-11-16,1.049448
SOYBEAN_OIL_USD_KG,2025-11-17,1.058271
SOYBEAN_OIL_USD_KG,2025-11-18,1.045228
SOYBEAN_OIL_USD_KG,2025-11-19,1.020536
SOYBEAN_OIL_USD_KG,2025-11-20,1.019497
SOYBEAN_OIL_USD_KG,2025-11-21,0.997677
SOYBEAN_OIL_USD_KG,2025-11-22,0.998855
SOYBEAN_OIL_USD_KG,2025-11-23,0.994931
SOYBEAN_OIL_USD_KG,2025-11-24,0.981779
SOYBEAN_OIL_USD_KG,2025-11-25,0.983999
SOYBEAN_OIL_USD_KG,2025-11-26,0.988990
SOYBEAN_OIL_USD_KG,2025-11-27,0.994386
SOYBEAN_OIL_USD_KG,2025-11-28,1.001091
SOYBEAN_OIL_USD_KG,2025-11-29,0.975750
SOYBEAN_OIL_USD_KG,2025-11-30,0.984131
SOYBEAN_OIL_USD_KG,2025-12-01,0.997101
SOYBEAN_OIL_USD_KG,2025-12-02,0.994358
SOYBEAN_OIL_USD_KG,2025-12-03,1.003171
SOYBEAN_OIL_USD_KG,2025-12-04,1.009990
SOYBEAN_OIL_USD_KG,2025-12-05,1.008909
SOYBEAN_OIL_USD_KG,2025-12-06,1.027945
SOYBEAN_OIL_USD_KG,2025-12-07,1.047913
SOYBEAN_OIL_USD_KG,2025-12-08,1.051451
SOYBEAN_OIL_USD_KG,2025-12-09,1.066498
SOYBEAN_OIL_USD_KG,2025-12-10,1.061962
SOYBEAN_OIL_USD_KG,2025-12-11,1.052439
SOYBEAN_OIL_USD_KG,2025-12-12,1.049287
SOYBEAN_OIL_USD_KG,2025-12-13,1.058155
SOYBEAN_OIL_USD_KG,2025-12-14,1.051730
SOYBEAN_OIL_USD_KG,2025-12-15,1.054001
SOYBEAN_OIL_USD_KG,2025-12-16,1.050132
SOYBEAN_OIL_USD_KG,2025-12-17,1.042868
SOYBEAN_OIL_USD_KG,2025-12-18,1.035198
SOYBEAN_OIL_USD_KG,2025-12-19,1.017365
SOYBEAN_OIL_USD_KG,2025-12-20,1.021886
SOYBEAN_OIL_USD_KG,2025-12-21,1.018507
SOYBEAN_OIL_USD_KG,2025-12-22,1.000485
SOYBEAN_OIL_USD_KG,2025-12-23,1.013416
SOYBEAN_OIL_USD_KG,2025-12-24,1.005293
SOYBEAN_OIL_USD_KG,2025-12-25,0.995642
SOYBEAN_OIL_USD_KG,2025-12-26,0.995626
SOYBEAN_OIL_USD_KG,2025-12-27,0.982764
SOYBEAN_OIL_USD_KG,2025-12-28,1.003743
SOYBEAN_OIL_USD_KG,2025-12-29,1.015964
SOYBEAN_OIL_USD_KG,2025-12-30,0.995706
SOYBEAN_OIL_USD_KG,2025-12-31,0.976470
SOYBEAN_OIL_USD_KG,2026-01-01,0.972929
SOYBEAN_OIL_USD_KG,2026-01-02,0.983820
SOYBEAN_OIL_USD_KG,2026-01-03,0.963938
SOYBEAN_OIL_USD_KG,2026-01-04,0.941892
SOYBEAN_OIL_USD_KG,2026-01-05,0.946007
SOYBEAN_OIL_USD_KG,2026-01-06,0.942429
SOYBEAN_OIL_USD_KG,2026-01-07,0.933221
SOYBEAN_OIL_USD_KG,2026-01-08,0.945300
SOYBEAN_OIL_USD_KG,2026-01-09,0.948524
SOYBEAN_OIL_USD_KG,2026-01-10,0.944536
SOYBEAN_OIL_USD_KG,2026-01-11,0.945658
SOYBEAN_OIL_USD_KG,2026-01-12,0.950384
SOYBEAN_OIL_USD_KG,2026-01-13,0.933932
SOYBEAN_OIL_USD_KG,2026-01-14,0.931394
SOYBEAN_OIL_USD_KG,2026-01-15,0.948978
SOYBEAN_OIL_USD_KG,2026-01-16,0.964725
SOYBEAN_OIL_USD_KG,2026-01-17,0.959589
SOYBEAN_OIL_USD_KG,2026-01-18,0.962857
SOYBEAN_OIL_USD_KG,2026-01-19,0.971512
SOYBEAN_OIL_USD_KG,2026-01-20,0.969390
SOYBEAN_OIL_USD_KG,2026-01-21,0.973206
SOYBEAN_OIL_USD_KG,2026-01-22,0.968603
SOYBEAN_OIL_USD_KG,2026-01-23,0.962631
SOYBEAN_OIL_USD_KG,2026-01-24,0.965438
SOYBEAN_OIL_USD_KG,2026-01-25,0.977032
SOYBEAN_OIL_USD_KG,2026-01-26,0.967446
SOYBEAN_OIL_USD_KG,2026-01-27,0.964556
SOYBEAN_OIL_USD_KG,2026-01-28,0.942828
SOYBEAN_OIL_USD_KG,2026-01-29,0.929335
SOYBEAN_OIL_USD_KG,2026-01-30,0.913181
SOYBEAN_OIL_USD_KG,2026-01-31,0.908487
SOYBEAN_OIL_USD_KG,2026-02-01,0.903607
SOYBEAN_OIL_USD_KG,2026-02-02,0.901963
SOYBEAN_OIL_USD_KG,2026-02-03,0.887600
SOYBEAN_OIL_USD_KG,2026-02-04,0.897127
SOYBEAN_OIL_USD_KG,2026-02-05,0.905105
SOYBEAN_OIL_USD_KG,2026-02-06,0.897519
SOYBEAN_OIL_USD_KG,2026-02-07,0.899254
SOYBEAN_OIL_USD_KG,2026-02-08,0.894797
SOYBEAN_OIL_USD_KG,2026-02-09,0.890060
SOYBEAN_OIL_USD_KG,2026-02-10,0.893355
SOYBEAN_OIL_USD_KG,2026-02-11,0.893286
SOYBEAN_OIL_USD_KG,2026-02-12,0.892944
SOYBEAN_OIL_USD_KG,2026-02-13,0.903025
SOYBEAN_OIL_USD_KG,2026-02-14,0.914066
SOYBEAN_OIL_USD_KG,2026-02-15,0.918505
SOYBEAN_OIL_USD_KG,2026-02-16,0.918454
SOYBEAN_OIL_USD_KG,2026-02-17,0.915655
SOYBEAN_OIL_USD_KG,2026-02-18,0.920270
SOYBEAN_OIL_USD_KG,2026-02-19,0.927159
SOYBEAN_OIL_USD_KG,2026-02-20,0.938071
SOYBEAN_OIL_USD_KG,2026-02-21,0.922149
SOYBEAN_OIL_USD_KG,2026-02-22,0.926514
SOYBEAN_OIL_USD_KG,2026-02-23,0.924777
SOYBEAN_OIL_USD_KG,2026-02-24,0.917749
SOYBEAN_OIL_USD_KG,2026-02-25,0.932969
SOYBEAN_OIL_USD_KG,2026-02-26,0.940369
SOYBEAN_OIL_USD_KG,2026-02-27,0.939215
SOYBEAN_OIL_USD_KG,2026-02-28,0.930460
SOYBEAN_OIL_USD_KG,2026-03-01,0.928673
SOYBEAN_OIL_USD_KG,2026-03-02,0.923803
SOYBEAN_OIL_USD_KG,2026-03-03,0.912401
SOYBEAN_OIL_USD_KG,2026-03-04,0.918244
SOYBEAN_OIL_USD_KG,2026-03-05,0.919748
SOYBEAN_OIL_USD_KG,2026-03-06,0.911344
SOYBEAN_OIL_USD_KG,2026-03-07,0.907468
SOYBEAN_OIL_USD_KG,2026-03-08,0.911269
SOYBEAN_OIL_USD_KG,2026-03-09,0.895920
SOYBEAN_OIL_USD_KG,2026-03-10,0.890543
SOYBEAN_OIL_USD_KG,2026-03-11,0.880165
SOYBEAN_OIL_USD_KG,2026-03-12,0.895447
SOYBEAN_OIL_USD_KG,2026-03-13,0.880807
SOYBEAN_OIL_USD_KG,2026-03-14,0.882919
SOYBEAN_OIL_USD_KG,2026-03-15,0.894676
SOYBEAN_OIL_USD_KG,2026-03-16,0.902656
SOYBEAN_OIL_USD_KG,2026-03-17,0.887077
SOYBEAN_OIL_USD_KG,2026-03-18,0.888744
SOYBEAN_OIL_USD_KG,2026-03-19,0.881731
SOYBEAN_OIL_USD_KG,2026-03-20,0.876337
SOYBEAN_OIL_USD_KG,2026-03-21,0.859330
SOYBEAN_OIL_USD_KG,2026-03-22,0.865777
SOYBEAN_OIL_USD_KG,2026-03-23,0.858293
SOYBEAN_OIL_USD_KG,2026-03-24,0.852121
SOYBEAN_OIL_USD_KG,2026-03-25,0.839676
SOYBEAN_OIL_USD_KG,2026-03-26,0.833034
SOYBEAN_OIL_USD_KG,2026-03-27,0.837461
SOYBEAN_OIL_USD_KG,2026-03-28,0.832802
SOYBEAN_OIL_USD_KG,2026-03-29,0.837242
SOYBEAN_OIL_USD_KG,2026-03-30,0.825793
SOYBEAN_OIL_USD_KG,2026-03-31,0.832511
SOYBEAN_OIL_USD_KG,2026-04-01,0.835398
SOYBEAN_OIL_USD_KG,2026-04-02,0.846461
SOYBEAN_OIL_USD_KG,2026-04-03,0.844812
SOYBEAN_OIL_USD_KG,2026-04-04,0.846556
SOYBEAN_OIL_USD_KG,2026-04-05,0.837103
SOYBEAN_OIL_USD_KG,2026-04-06,0.829407
SOYBEAN_OIL_USD_KG,2026-04-07,0.831915
SOYBEAN_OIL_USD_KG,2026-04-08,0.825862
SOYBEAN_OIL_USD_KG,2026-04-09,0.818503
SOYBEAN_OIL_USD_KG,2026-04-10,0.815769
SOYBEAN_OIL_USD_KG,2026-04-11,0.819424
SOYBEAN_OIL_USD_KG,2026-04-12,0.832385
SOYBEAN_OIL_USD_KG,2026-04-13,0.834105
SOYBEAN_OIL_USD_KG,2026-04-14,0.826660
SOYBEAN_OIL_USD_KG,2026-04-15,0.833964
SOYBEAN_OIL_USD_KG,2026-04-16,0.832340
SOYBEAN_OIL_USD_KG,2026-04-17,0.851290
SOYBEAN_OIL_USD_KG,2026-04-18,0.848158
SOYBEAN_OIL_USD_KG,2026-04-19,0.849832
SOYBEAN_OIL_USD_KG,2026-04-20,0.861254
SOYBEAN_OIL_USD_KG,2026-04-21,0.857399
SOYBEAN_OIL_USD_KG,2026-04-22,0.857694
SOYBEAN_OIL_USD_KG,2026-04-23,0.851083
SOYBEAN_OIL_USD_KG,2026-04-24,0.836208
SOYBEAN_OIL_USD_KG,2026-04-25,0.832403
SOYBEAN_OIL_USD_KG,2026-04-26,0.820494
SOYBEAN_OIL_USD_KG,2026-04-27,0.803052
SOYBEAN_OIL_USD_KG,2026-04-28,0.800497
SOYBEAN_OIL_USD_KG,2026-04-29,0.792324
SOYBEAN_OIL_USD_KG,2026-04-30,0.794978
SOYBEAN_OIL_USD_KG,2026-05-01,0.802464
SOYBEAN_OIL_USD_KG,2026-05-02,0.801650
SOYBEAN_OIL_USD_KG,2026-05-03,0.801214
SOYBEAN_OIL_USD_KG,2026-05-04,0.795825
SOYBEAN_OIL_USD_KG,2026-05-05,0.784689
SOYBEAN_OIL_USD_KG,2026-05-06,0.788096
SOYBEAN_OIL_USD_KG,2026-05-07,0.802534
SOYBEAN_OIL_USD_KG,2026-05-08,0.803819
SOYBEAN_OIL_USD_KG,2026-05-09,0.810211
SOYBEAN_OIL_USD_KG,2026-05-10,0.816583
SOYBEAN_OIL_USD_KG,2026-05-11,0.810103
SOYBEAN_OIL_USD_KG,2026-05-12,0.810931
SOYBEAN_OIL_USD_KG,2026-05-13,0.824581
SOYBEAN_OIL_USD_KG,2026-05-14,0.822322
SOYBEAN_OIL_USD_KG,2026-05-15,0.824959
SOYBEAN_OIL_USD_KG,2026-05-16,0.835251
SOYBEAN_OIL_USD_KG,2026-05-17,0.843944
SOYBEAN_OIL_USD_KG,2026-05-18,0.849719
SOYBEAN_OIL_USD_KG,2026-05-19,0.845558
SOYBEAN_OIL_USD_KG,2026-05-20,0.835078
SOYBEAN_OIL_USD_KG,2026-05-21,0.843529
SOYBEAN_OIL_USD_KG,2026-05-22,0.830656
SOYBEAN_OIL_USD_KG,2026-05-23,0.832472
SOYBEAN_OIL_USD_KG,2026-05-24,0.828092
SOYBEAN_OIL_USD_KG,2026-05-25,0.832661
SOYBEAN_OIL_USD_KG,2026-05-26,0.834839
SOYBEAN_OIL_USD_KG,2026-05-27,0.831906
SOYBEAN_OIL_USD_KG,2026-05-28,0.836824
SOYBEAN_OIL_USD_KG,2026-05-29,0.839552
SOYBEAN_OIL_USD_KG,2026-05-30,0.844120
SOYBEAN_OIL_USD_KG,2026-05-31,0.856054
SOYBEAN_OIL_USD_KG,2026-06-01,0.856535
SOYBEAN_OIL_USD_KG,2026-06-02,0.857296
SOYBEAN_OIL_USD_KG,2026-06-03,0.860831
SOYBEAN_OIL_USD_KG,2026-06-04,0.846763
SOYBEAN_OIL_USD_KG,2026-06-05,0.842962
SOYBEAN_OIL_USD_KG,2026-06-06,0.851517
SOYBEAN_OIL_USD_KG,2026-06-07,0.853405
SOYBEAN_OIL_USD_KG,2026-06-08,0.853229
SOYBEAN_OIL_USD_KG,2026-06-09,0.855635
SOYBEAN_OIL_USD_KG,2026-06-10,0.854534
SOYBEAN_OIL_USD_KG,2026-06-11,0.872322
SOYBEAN_OIL_USD_KG,2026-06-12,0.880058
SOYBEAN_OIL_USD_KG,2026-06-13,0.878095
SOYBEAN_OIL_USD_KG,2026-06-14,0.859345
SOYBEAN_OIL_USD_KG,2026-06-15,0.853206
SOYBEAN_OIL_USD_KG,2026-06-16,0.827202
SOYBEAN_OIL_USD_KG,2026-06-17,0.816403
SOYBEAN_OIL_USD_KG,2026-06-18,0.805832
SOYBEAN_OIL_USD_KG,2026-06-19,0.801633
SOYBEAN_OIL_USD_KG,2026-06-20,0.804459
SOYBEAN_OIL_USD_KG,2026-06-21,0.803505
SOYBEAN_OIL_USD_KG,2026-06-22,0.804857
SOYBEAN_OIL_USD_KG,2026-06-23,0.792638
SOYBEAN_OIL_USD_KG,2026-06-24,0.780657
SOYBEAN_OIL_USD_KG,2026-06-25,0.784624
SOYBEAN_OIL_USD_KG,2026-06-26,0.801054
SOYBEAN_OIL_USD_KG,2026-06-27,0.798284
SOYBEAN_OIL_USD_KG,2026-06-28,0.785835
SOYBEAN_OIL_USD_KG,2026-06-29,0.770564
SOYBEAN_OIL_USD_KG,2026-06-30,0.768171
SUGAR_USD_KG,2024-08-01,0.484506
SUGAR_USD_KG,2024-08-02,0.483387
SUGAR_USD_KG,2024-08-03,0.482257
SUGAR_USD_KG,2024-08-04,0.484733
SUGAR_USD_KG,2024-08-05,0.482893
SUGAR_USD_KG,2024-08-06,0.481020
SUGAR_USD_KG,2024-08-07,0.476428
SUGAR_USD_KG,2024-08-08,0.480306
SUGAR_USD_KG,2024-08-09,0.478937
SUGAR_USD_KG,2024-08-10,0.480336
SUGAR_USD_KG,2024-08-11,0.477496
SUGAR_USD_KG,2024-08-12,0.475417
SUGAR_USD_KG,2024-08-13,0.474362
SUGAR_USD_KG,2024-08-14,0.484944
SUGAR_USD_KG,2024-08-15,0.486456
SUGAR_USD_KG,2024-08-16,0.487650
SUGAR_USD_KG,2024-08-17,0.500972
SUGAR_USD_KG,2024-08-18,0.495364
SUGAR_USD_KG,2024-08-19,0.485173
SUGAR_USD_KG,2024-08-20,0.476684
SUGAR_USD_KG,2024-08-21,0.475935
SUGAR_USD_KG,2024-08-22,0.481392
SUGAR_USD_KG,2024-08-23,0.476754
SUGAR_USD_KG,2024-08-24,0.479992
SUGAR_USD_KG,2024-08-25,0.485187
SUGAR_USD_KG,2024-08-26,0.494066
SUGAR_USD_KG,2024-08-27,0.487804
SUGAR_USD_KG,2024-08-28,0.488713
SUGAR_USD_KG,2024-08-29,0.485567
SUGAR_USD_KG,2024-08-30,0.489184
SUGAR_USD_KG,2024-08-31,0.487079
SUGAR_USD_KG,2024-09-01,0.488555
SUGAR_USD_KG,2024-09-02,0.493403
SUGAR_USD_KG,2024-09-03,0.484664
SUGAR_USD_KG,2024-09-04,0.482273
SUGAR_USD_KG,2024-09-05,0.491356
SUGAR_USD_KG,2024-09-06,0.489340
SUGAR_USD_KG,2024-09-07,0.489957
SUGAR_USD_KG,2024-09-08,0.492591
SUGAR_USD_KG,2024-09-09,0.493435
SUGAR_USD_KG,2024-09-10,0.492753
SUGAR_USD_KG,2024-09-11,0.496548
SUGAR_USD_KG,2024-09-12,0.495342
SUGAR_USD_KG,2024-09-13,0.502529
SUGAR_USD_KG,2024-09-14,0.502801
SUGAR_USD_KG,2024-09-15,0.499094
SUGAR_USD_KG,2024-09-16,0.506986
SUGAR_USD_KG,2024-09-17,0.508309
SUGAR_USD_KG,2024-09-18,0.503456
SUGAR_USD_KG,2024-09-19,0.494113
SUGAR_USD_KG,2024-09-20,0.501068
SUGAR_USD_KG,2024-09-21,0.500912
SUGAR_USD_KG,2024-09-22,0.494461
SUGAR_USD_KG,2024-09-23,0.496397
SUGAR_USD_KG,2024-09-24,0.492323
SUGAR_USD_KG,2024-09-25,0.492611
SUGAR_USD_KG,2024-09-26,0.496113
SUGAR_USD_KG,2024-09-27,0.502998
SUGAR_USD_KG,2024-09-28,0.501779
SUGAR_USD_KG,2024-09-29,0.494794
SUGAR_USD_KG,2024-09-30,0.492377
SUGAR_USD_KG,2024-10-01,0.492284
SUGAR_USD_KG,2024-10-02,0.486272
SUGAR_USD_KG,2024-10-03,0.497024
SUGAR_USD_KG,2024-10-04,0.500880
SUGAR_USD_KG,2024-10-05,0.498561
SUGAR_USD_KG,2024-10-06,0.496655
SUGAR_USD_KG,2024-10-07,0.501025
SUGAR_USD_KG,2024-10-08,0.499115
SUGAR_USD_KG,2024-10-09,0.500656
SUGAR_USD_KG,2024-10-10,0.499685
SUGAR_USD_KG,2024-10-11,0.505814
SUGAR_USD_KG,2024-10-12,0.501078
SUGAR_USD_KG,2024-10-13,0.496929
SUGAR_USD_KG,2024-10-14,0.494454
SUGAR_USD_KG,2024-10-15,0.494228
SUGAR_USD_KG,2024-10-16,0.496028
SUGAR_USD_KG,2024-10-17,0.493063
SUGAR_USD_KG,2024-10-18,0.498123
SUGAR_USD_KG,2024-10-19,0.497991
SUGAR_USD_KG,2024-10-20,0.501190
SUGAR_USD_KG,2024-10-21,0.498332
SUGAR_USD_KG,2024-10-22,0.499035
SUGAR_USD_KG,2024-10-23,0.499770
SUGAR_USD_KG,2024-10-24,0.500535
SUGAR_USD_KG,2024-10-25,0.493499
SUGAR_USD_KG,2024-10-26,0.486377
SUGAR_USD_KG,2024-10-27,0.493043
SUGAR_USD_KG,2024-10-28,0.498781
SUGAR_USD_KG,2024-10-29,0.493876
SUGAR_USD_KG,2024-10-30,0.498819
SUGAR_USD_KG,2024-10-31,0.490041
SUGAR_USD_KG,2024-11-01,0.493558
SUGAR_USD_KG,2024-11-02,0.494804
SUGAR_USD_KG,2024-11-03,0.498984
SUGAR_USD_KG,2024-11-04,0.499762
SUGAR_USD_KG,2024-11-05,0.504613
SUGAR_USD_KG,2024-11-06,0.503269
SUGAR_USD_KG,2024-11-07,0.505474
SUGAR_USD_KG,2024-11-08,0.500051
SUGAR_USD_KG,2024-11-09,0.503034
SUGAR_USD_KG,2024-11-10,0.490264
SUGAR_USD_KG,2024-11-11,0.496095
SUGAR_USD_KG,2024-11-12,0.503056
SUGAR_USD_KG,2024-11-13,0.507476
SUGAR_USD_KG,2024-11-14,0.504557
SUGAR_USD_KG,2024-11-15,0.498585
SUGAR_USD_KG,2024-11-16,0.508625
SUGAR_USD_KG,2024-11-17,0.501992
SUGAR_USD_KG,2024-11-18,0.499214
SUGAR_USD_KG,2024-11-19,0.504199
SUGAR_USD_KG,2024-11-20,0.503392
SUGAR_USD_KG,2024-11-21,0.497859
SUGAR_USD_KG,2024-11-22,0.500408
SUGAR_USD_KG,2024-11-23,0.500878
SUGAR_USD_KG,2024-11-24,0.498380
SUGAR_USD_KG,2024-11-25,0.502909
SUGAR_USD_KG,2024-11-26,0.506413
SUGAR_USD_KG,2024-11-27,0.507566
SUGAR_USD_KG,2024-11-28,0.510874
SUGAR_USD_KG,2024-11-29,0.516812
SUGAR_USD_KG,2024-11-30,0.513534
SUGAR_USD_KG,2024-12-01,0.513504
SUGAR_USD_KG,2024-12-02,0.513713
SUGAR_USD_KG,2024-12-03,0.518579
SUGAR_USD_KG,2024-12-04,0.512667
SUGAR_USD_KG,2024-12-05,0.514704
SUGAR_USD_KG,2024-12-06,0.511631
SUGAR_USD_KG,2024-12-07,0.527466
SUGAR_USD_KG,2024-12-08,0.530926
SUGAR_USD_KG,2024-12-09,0.528180
SUGAR_USD_KG,2024-12-10,0.531144
SUGAR_USD_KG,2024-12-11,0.535004
SUGAR_USD_KG,2024-12-12,0.527786
SUGAR_USD_KG,2024-12-13,0.525996
SUGAR_USD_KG,2024-12-14,0.534807
SUGAR_USD_KG,2024-12-15,0.522108
SUGAR_USD_KG,2024-12-16,0.525147
SUGAR_USD_KG,2024-12-17,0.525479
SUGAR_USD_KG,2024-12-18,0.531510
SUGAR_USD_KG,2024-12-19,0.532868
SUGAR_USD_KG,2024-12-20,0.531783
SUGAR_USD_KG,2024-12-21,0.525748
SUGAR_USD_KG,2024-12-22,0.527167
SUGAR_USD_KG,2024-12-23,0.528090
SUGAR_USD_KG,2024-12-24,0.530369
SUGAR_USD_KG,2024-12-25,0.526904
SUGAR_USD_KG,2024-12-26,0.525466
SUGAR_USD_KG,2024-12-27,0.529895
SUGAR_USD_KG,2024-12-28,0.525216
SUGAR_USD_KG,2024-12-29,0.513187
SUGAR_USD_KG,2024-12-30,0.514565
SUGAR_USD_KG,2024-12-31,0.514193
SUGAR_USD_KG,2025-01-01,0.521023
SUGAR_USD_KG,2025-01-02,0.517417
SUGAR_USD_KG,2025-01-03,0.504839
SUGAR_USD_KG,2025-01-04,0.499752
SUGAR_USD_KG,2025-01-05,0.494442
SUGAR_USD_KG,2025-01-06,0.491372
SUGAR_USD_KG,2025-01-07,0.495424
SUGAR_USD_KG,2025-01-08,0.497695
SUGAR_USD_KG,2025-01-09,0.498987
SUGAR_USD_KG,2025-01-10,0.490697
SUGAR_USD_KG,2025-01-11,0.491661
SUGAR_USD_KG,2025-01-12,0.503267
SUGAR_USD_KG,2025-01-13,0.510175
SUGAR_USD_KG,2025-01-14,0.505060
SUGAR_USD_KG,2025-01-15,0.500586
SUGAR_USD_KG,2025-01-16,0.507625
SUGAR_USD_KG,2025-01-17,0.515561
SUGAR_USD_KG,2025-01-18,0.510213
SUGAR_USD_KG,2025-01-19,0.522003
SUGAR_USD_KG,2025-01-20,0.528830
SUGAR_USD_KG,2025-01-21,0.527278
SUGAR_USD_KG,2025-01-22,0.535616
SUGAR_USD_KG,2025-01-23,0.542757
SUGAR_USD_KG,2025-01-24,0.540419
SUGAR_USD_KG,2025-01-25,0.546597
SUGAR_USD_KG,2025-01-26,0.551038
SUGAR_USD_KG,2025-01-27,0.558735
SUGAR_USD_KG,2025-01-28,0.556811
SUGAR_USD_KG,2025-01-29,0.554402
SUGAR_USD_KG,2025-01-30,0.558815
SUGAR_USD_KG,2025-01-31,0.562321
SUGAR_USD_KG,2025-02-01,0.569145
SUGAR_USD_KG,2025-02-02,0.575690
SUGAR_USD_KG,2025-02-03,0.563874
SUGAR_USD_KG,2025-02-04,0.563538
SUGAR_USD_KG,2025-02-05,0.560689
SUGAR_USD_KG,2025-02-06,0.562564
SUGAR_USD_KG,2025-02-07,0.563696
SUGAR_USD_KG,2025-02-08,0.566185
SUGAR_USD_KG,2025-02-09,0.572326
SUGAR_USD_KG,2025-02-10,0.565857
SUGAR_USD_KG,2025-02-11,0.557006
SUGAR_USD_KG,2025-02-12,0.543887
SUGAR_USD_KG,2025-02-13,0.543837
SUGAR_USD_KG,2025-02-14,0.549355
SUGAR_USD_KG,2025-02-15,0.546777
SUGAR_USD_KG,2025-02-16,0.541275
SUGAR_USD_KG,2025-02-17,0.546720
SUGAR_USD_KG,2025-02-18,0.537409
SUGAR_USD_KG,2025-02-19,0.534936
SUGAR_USD_KG,2025-02-20,0.525956
SUGAR_USD_KG,2025-02-21,0.530199
SUGAR_USD_KG,2025-02-22,0.535954
SUGAR_USD_KG,2025-02-23,0.547842
SUGAR_USD_KG,2025-02-24,0.560482
SUGAR_USD_KG,2025-02-25,0.559707
SUGAR_USD_KG,2025-02-26,0.551658
SUGAR_USD_KG,2025-02-27,0.546657
SUGAR_USD_KG,2025-02-28,0.551951
SUGAR_USD_KG,2025-03-01,0.547427
SUGAR_USD_KG,2025-03-02,0.548500
SUGAR_USD_KG,2025-03-03,0.546662
SUGAR_USD_KG,2025-03-04,0.540684
SUGAR_USD_KG,2025-03-05,0.546033
SUGAR_USD_KG,2025-03-06,0.544614
SUGAR_USD_KG,2025-03-07,0.549721
SUGAR_USD_KG,2025-03-08,0.542425
SUGAR_USD_KG,2025-03-09,0.537034
SUGAR_USD_KG,2025-03-10,0.533792
SUGAR_USD_KG,2025-03-11,0.539858
SUGAR_USD_KG,2025-03-12,0.543071
SUGAR_USD_KG,2025-03-13,0.545509
SUGAR_USD_KG,2025-03-14,0.538150
SUGAR_USD_KG,2025-03-15,0.539414
SUGAR_USD_KG,2025-03-16,0.531889
SUGAR_USD_KG,2025-03-17,0.535997
SUGAR_USD_KG,2025-03-18,0.539044
SUGAR_USD_KG,2025-03-19,0.539268
SUGAR_USD_KG,2025-03-20,0.530609
SUGAR_USD_KG,2025-03-21,0.524027
SUGAR_USD_KG,2025-03-22,0.515904
SUGAR_USD_KG,2025-03-23,0.511665
SUGAR_USD_KG,2025-03-24,0.517663
SUGAR_USD_KG,2025-03-25,0.515274
SUGAR_USD_KG,2025-03-26,0.514498
SUGAR_USD_KG,2025-03-27,0.513774
SUGAR_USD_KG,2025-03-28,0.506197
SUGAR_USD_KG,2025-03-29,0.509431
SUGAR_USD_KG,2025-03-30,0.518844
SUGAR_USD_KG,2025-03-31,0.520082
SUGAR_USD_KG,2025-04-01,0.523229
SUGAR_USD_KG,2025-04-02,0.524165
SUGAR_USD_KG,2025-04-03,0.517116
SUGAR_USD_KG,2025-04-04,0.513305
SUGAR_USD_KG,2025-04-05,0.519095
SUGAR_USD_KG,2025-04-06,0.517388
SUGAR_USD_KG,2025-04-07,0.514571
SUGAR_USD_KG,2025-04-08,0.507968
SUGAR_USD_KG,2025-04-09,0.505248
SUGAR_USD_KG,2025-04-10,0.508405
SUGAR_USD_KG,2025-04-11,0.510535
SUGAR_USD_KG,2025-04-12,0.510803
SUGAR_USD_KG,2025-04-13,0.512212
SUGAR_USD_KG,2025-04-14,0.506227
SUGAR_USD_KG,2025-04-15,0.510972
SUGAR_USD_KG,2025-04-16,0.512371
SUGAR_USD_KG,2025-04-17,0.521945
SUGAR_USD_KG,2025-04-18,0.518141
SUGAR_USD_KG,2025-04-19,0.510702
SUGAR_USD_KG,2025-04-20,0.504897
SUGAR_USD_KG,2025-04-21,0.499779
SUGAR_USD_KG,2025-04-22,0.499725
SUGAR_USD_KG,2025-04-23,0.502701
SUGAR_USD_KG,2025-04-24,0.501745
SUGAR_USD_KG,2025-04-25,0.495927
SUGAR_USD_KG,2025-04-26,0.503145
SUGAR_USD_KG,2025-04-27,0.510595
SUGAR_USD_KG,2025-04-28,0.515527
SUGAR_USD_KG,2025-04-29,0.501070
SUGAR_USD_KG,2025-04-30,0.499690
SUGAR_USD_KG,2025-05-01,0.512246
SUGAR_USD_KG,2025-05-02,0.512530
SUGAR_USD_KG,2025-05-03,0.515567
SUGAR_USD_KG,2025-05-04,0.517612
SUGAR_USD_KG,2025-05-05,0.515846
SUGAR_USD_KG,2025-05-06,0.522906
SUGAR_USD_KG,2025-05-07,0.514971
SUGAR_USD_KG,2025-05-08,0.521528
SUGAR_USD_KG,2025-05-09,0.531635
SUGAR_USD_KG,2025-05-10,0.532997
SUGAR_USD_KG,2025-05-11,0.539340
SUGAR_USD_KG,2025-05-12,0.539651
SUGAR_USD_KG,2025-05-13,0.538336
SUGAR_USD_KG,2025-05-14,0.537019
SUGAR_USD_KG,2025-05-15,0.531514
SUGAR_USD_KG,2025-05-16,0.530783
SUGAR_USD_KG,2025-05-17,0.532800
SUGAR_USD_KG,2025-05-18,0.526414
SUGAR_USD_KG,2025-05-19,0.519740
SUGAR_USD_KG,2025-05-20,0.523118
SUGAR_USD_KG,2025-05-21,0.522893
SUGAR_USD_KG,2025-05-22,0.525706
SUGAR_USD_KG,2025-05-23,0.524607
SUGAR_USD_KG,2025-05-24,0.522871
SUGAR_USD_KG,2025-05-25,0.534954
SUGAR_USD_KG,2025-05-26,0.534410
SUGAR_USD_KG,2025-05-27,0.528947
SUGAR_USD_KG,2025-05-28,0.530589
SUGAR_USD_KG,2025-05-29,0.540466
SUGAR_USD_KG,2025-05-30,0.543728
SUGAR_USD_KG,2025-05-31,0.546636
SUGAR_USD_KG,2025-06-01,0.541678
SUGAR_USD_KG,2025-06-02,0.538485
SUGAR_USD_KG,2025-06-03,0.536388
SUGAR_USD_KG,2025-06-04,0.550499
SUGAR_USD_KG,2025-06-05,0.549998
SUGAR_USD_KG,2025-06-06,0.548349
SUGAR_USD_KG,2025-06-07,0.550973
SUGAR_USD_KG,2025-06-08,0.545821
SUGAR_USD_KG,2025-06-09,0.549016
SUGAR_USD_KG,2025-06-10,0.547176
SUGAR_USD_KG,2025-06-11,0.551518
SUGAR_USD_KG,2025-06-12,0.552323
SUGAR_USD_KG,2025-06-13,0.566228
SUGAR_USD_KG,2025-06-14,0.578375
SUGAR_USD_KG,2025-06-15,0.577500
SUGAR_USD_KG,2025-06-16,0.578481
SUGAR_USD_KG,2025-06-17,0.582629
SUGAR_USD_KG,2025-06-18,0.582946
SUGAR_USD_KG,2025-06-19,0.581862
SUGAR_USD_KG,2025-06-20,0.581002
SUGAR_USD_KG,2025-06-21,0.576855
SUGAR_USD_KG,2025-06-22,0.573569
SUGAR_USD_KG,2025-06-23,0.570453
SUGAR_USD_KG,2025-06-24,0.580964
SUGAR_USD_KG,2025-06-25,0.585982
SUGAR_USD_KG,2025-06-26,0.586095
SUGAR_USD_KG,2025-06-27,0.579683
SUGAR_USD_KG,2025-06-28,0.576198
SUGAR_USD_KG,2025-06-29,0.570163
SUGAR_USD_KG,2025-06-30,0.570654
SUGAR_USD_KG,2025-07-01,0.567070
SUGAR_USD_KG,2025-07-02,0.578724
SUGAR_USD_KG,2025-07-03,0.584593
SUGAR_USD_KG,2025-07-04,0.579812
SUGAR_USD_KG,2025-07-05,0.591944
SUGAR_USD_KG,2025-07-06,0.592626
SUGAR_USD_KG,2025-07-07,0.593674
SUGAR_USD_KG,2025-07-08,0.602646
SUGAR_USD_KG,2025-07-09,0.595369
SUGAR_USD_KG,2025-07-10,0.598922
SUGAR_USD_KG,2025-07-11,0.604873
SUGAR_USD_KG,2025-07-12,0.611382
SUGAR_USD_KG,2025-07-13,0.618357
SUGAR_USD_KG,2025-07-14,0.617166
SUGAR_USD_KG,2025-07-15,0.621451
SUGAR_USD_KG,2025-07-16,0.625883
SUGAR_USD_KG,2025-07-17,0.627023
SUGAR_USD_KG,2025-07-18,0.627808
SUGAR_USD_KG,2025-07-19,0.634240
SUGAR_USD_KG,2025-07-20,0.636610
SUGAR_USD_KG,2025-07-21,0.645545
SUGAR_USD_KG,2025-07-22,0.645595
SUGAR_USD_KG,2025-07-23,0.637985
SUGAR_USD_KG,2025-07-24,0.644673
SUGAR_USD_KG,2025-07-25,0.640204
SUGAR_USD_KG,2025-07-26,0.636258
SUGAR_USD_KG,2025-07-27,0.650583
SUGAR_USD_KG,2025-07-28,0.641923
SUGAR_USD_KG,2025-07-29,0.642285
SUGAR_USD_KG,2025-07-30,0.648315
SUGAR_USD_KG,2025-07-31,0.638027
SUGAR_USD_KG,2025-08-01,0.641643
SUGAR_USD_KG,2025-08-02,0.643087
SUGAR_USD_KG,2025-08-03,0.661285
SUGAR_USD_KG,2025-08-04,0.668772
SUGAR_USD_KG,2025-08-05,0.658715
SUGAR_USD_KG,2025-08-06,0.676837
SUGAR_USD_KG,2025-08-07,0.682486
SUGAR_USD_KG,2025-08-08,0.682532
SUGAR_USD_KG,2025-08-09,0.674411
SUGAR_USD_KG,2025-08-10,0.673367
SUGAR_USD_KG,2025-08-11,0.672474
SUGAR_USD_KG,2025-08-12,0.673516
SUGAR_USD_KG,2025-08-13,0.669575
SUGAR_USD_KG,2025-08-14,0.670935
SUGAR_USD_KG,2025-08-15,0.664622
SUGAR_USD_KG,2025-08-16,0.673129
SUGAR_USD_KG,2025-08-17,0.675249
SUGAR_USD_KG,2025-08-18,0.673526
SUGAR_USD_KG,2025-08-19,0.666509
SUGAR_USD_KG,2025-08-20,0.667250
SUGAR_USD_KG,2025-08-21,0.665039
SUGAR_USD_KG,2025-08-22,0.657294
SUGAR_USD_KG,2025-08-23,0.653742
SUGAR_USD_KG,2025-08-24,0.651167
SUGAR_USD_KG,2025-08-25,0.651048
SUGAR_USD_KG,2025-08-26,0.642781
SUGAR_USD_KG,2025-08-27,0.649486
SUGAR_USD_KG,2025-08-28,0.647944
SUGAR_USD_KG,2025-08-29,0.642538
SUGAR_USD_KG,2025-08-30,0.648844
SUGAR_USD_KG,2025-08-31,0.650643
SUGAR_USD_KG,2025-09-01,0.653211
SUGAR_USD_KG,2025-09-02,0.653589
SUGAR_USD_KG,2025-09-03,0.662094
SUGAR_USD_KG,2025-09-04,0.653628
SUGAR_USD_KG,2025-09-05,0.664501
SUGAR_USD_KG,2025-09-06,0.659542
SUGAR_USD_KG,2025-09-07,0.644526
SUGAR_USD_KG,2025-09-08,0.642702
SUGAR_USD_KG,2025-09-09,0.640597
SUGAR_USD_KG,2025-09-10,0.637570
SUGAR_USD_KG,2025-09-11,0.637535
SUGAR_USD_KG,2025-09-12,0.640426
SUGAR_USD_KG,2025-09-13,0.643643
SUGAR_USD_KG,2025-09-14,0.638705
SUGAR_USD_KG,2025-09-15,0.626673
SUGAR_USD_KG,2025-09-16,0.620746
SUGAR_USD_KG,2025-09-17,0.632068
SUGAR_USD_KG,2025-09-18,0.632906
SUGAR_USD_KG,2025-09-19,0.622809
SUGAR_USD_KG,2025-09-20,0.611697
SUGAR_USD_KG,2025-09-21,0.610368
SUGAR_USD_KG,2025-09-22,0.620212
SUGAR_USD_KG,2025-09-23,0.636891
SUGAR_USD_KG,2025-09-24,0.638954
SUGAR_USD_KG,2025-09-25,0.634105
SUGAR_USD_KG,2025-09-26,0.626466
SUGAR_USD_KG,2025-09-27,0.619778
SUGAR_USD_KG,2025-09-28,0.622746
SUGAR_USD_KG,2025-09-29,0.629922
SUGAR_USD_KG,2025-09-30,0.642249
SUGAR_USD_KG,2025-10-01,0.649816
SUGAR_USD_KG,2025-10-02,0.642608
SUGAR_USD_KG,2025-10-03,0.641997
SUGAR_USD_KG,2025-10-04,0.645744
SUGAR_USD_KG,2025-10-05,0.638631
SUGAR_USD_KG,2025-10-06,0.641734
SUGAR_USD_KG,2025-10-07,0.650680
SUGAR_USD_KG,2025-10-08,0.647282
SUGAR_USD_KG,2025-10-09,0.657590
SUGAR_USD_KG,2025-10-10,0.658149
SUGAR_USD_KG,2025-10-11,0.652548
SUGAR_USD_KG,2025-10-12,0.650660
SUGAR_USD_KG,2025-10-13,0.655334
SUGAR_USD_KG,2025-10-14,0.647171
SUGAR_USD_KG,2025-10-15,0.650082
SUGAR_USD_KG,2025-10-16,0.640880
SUGAR_USD_KG,2025-10-17,0.643949
SUGAR_USD_KG,2025-10-18,0.648590
SUGAR_USD_KG,2025-10-19,0.641492
SUGAR_USD_KG,2025-10-20,0.656295
SUGAR_USD_KG,2025-10-21,0.650048
SUGAR_USD_KG,2025-10-22,0.649270
SUGAR_USD_KG,2025-10-23,0.641407
SUGAR_USD_KG,2025-10-24,0.646730
SUGAR_USD_KG,2025-10-25,0.643914
SUGAR_USD_KG,2025-10-26,0.652476
SUGAR_USD_KG,2025-10-27,0.663981
SUGAR_USD_KG,2025-10-28,0.660291
SUGAR_USD_KG,2025-10-29,0.651810
SUGAR_USD_KG,2025-10-30,0.635095
SUGAR_USD_KG,2025-10-31,0.635336
SUGAR_USD_KG,2025-11-01,0.638647
SUGAR_USD_KG,2025-11-02,0.627112
SUGAR_USD_KG,2025-11-03,0.641556
SUGAR_USD_KG,2025-11-04,0.625855
SUGAR_USD_KG,2025-11-05,0.633274
SUGAR_USD_KG,2025-11-06,0.631244
SUGAR_USD_KG,2025-11-07,0.627027
SUGAR_USD_KG,2025-11-08,0.624324
SUGAR_USD_KG,2025-11-09,0.621172
SUGAR_USD_KG,2025-11-10,0.621341
SUGAR_USD_KG,2025-11-11,0.623100
SUGAR_USD_KG,2025-11-12,0.625650
SUGAR_USD_KG,2025-11-13,0.607953
SUGAR_USD_KG,2025-11-14,0.600273
SUGAR_USD_KG,2025-11-15,0.596097
SUGAR_USD_KG,2025-11-16,0.592751
SUGAR_USD_KG,2025-11-17,0.601535
SUGAR_USD_KG,2025-11-18,0.600973
SUGAR_USD_KG,2025-11-19,0.599837
SUGAR_USD_KG,2025-11-20,0.605566
SUGAR_USD_KG,2025-11-21,0.606742
SUGAR_USD_KG,2025-11-22,0.605375
SUGAR_USD_KG,2025-11-23,0.603485
SUGAR_USD_KG,2025-11-24,0.608417
SUGAR_USD_KG,2025-11-25,0.611960
SUGAR_USD_KG,2025-11-26,0.616692
SUGAR_USD_KG,2025-11-27,0.609964
SUGAR_USD_KG,2025-11-28,0.614923
SUGAR_USD_KG,2025-11-29,0.605583
SUGAR_USD_KG,2025-11-30,0.604195
SUGAR_USD_KG,2025-12-01,0.610972
SUGAR_USD_KG,2025-12-02,0.607655
SUGAR_USD_KG,2025-12-03,0.614365
SUGAR_USD_KG,2025-12-04,0.621283
SUGAR_USD_KG,2025-12-05,0.617795
SUGAR_USD_KG,2025-12-06,0.614874
SUGAR_USD_KG,2025-12-07,0.627983
SUGAR_USD_KG,2025-12-08,0.630198
SUGAR_USD_KG,2025-12-09,0.623832
SUGAR_USD_KG,2025-12-10,0.617063
SUGAR_USD_KG,2025-12-11,0.612090
SUGAR_USD_KG,2025-12-12,0.602526
SUGAR_USD_KG,2025-12-13,0.605702
SUGAR_USD_KG,2025-12-14,0.609662
SUGAR_USD_KG,2025-12-15,0.617635
SUGAR_USD_KG,2025-12-16,0.626636
SUGAR_USD_KG,2025-12-17,0.623268
SUGAR_USD_KG,2025-12-18,0.624497
SUGAR_USD_KG,2025-12-19,0.638631
SUGAR_USD_KG,2025-12-20,0.633148
SUGAR_USD_KG,2025-12-21,0.649371
SUGAR_USD_KG,2025-12-22,0.649006
SUGAR_USD_KG,2025-12-23,0.642391
SUGAR_USD_KG,2025-12-24,0.650093
SUGAR_USD_KG,2025-12-25,0.651789
SUGAR_USD_KG,2025-12-26,0.657581
SUGAR_USD_KG,2025-12-27,0.665400
SUGAR_USD_KG,2025-12-28,0.663589
SUGAR_USD_KG,2025-12-29,0.671919
SUGAR_USD_KG,2025-12-30,0.673680
SUGAR_USD_KG,2025-12-31,0.670301
SUGAR_USD_KG,2026-01-01,0.662706
SUGAR_USD_KG,2026-01-02,0.664263
SUGAR_USD_KG,2026-01-03,0.661757
SUGAR_USD_KG,2026-01-04,0.649895
SUGAR_USD_KG,2026-01-05,0.658770
SUGAR_USD_KG,2026-01-06,0.652793
SUGAR_USD_KG,2026-01-07,0.644710
SUGAR_USD_KG,2026-01-08,0.648063
SUGAR_USD_KG,2026-01-09,0.636905
SUGAR_USD_KG,2026-01-10,0.642800
SUGAR_USD_KG,2026-01-11,0.631781
SUGAR_USD_KG,2026-01-12,0.613624
SUGAR_USD_KG,2026-01-13,0.602756
SUGAR_USD_KG,2026-01-14,0.603705
SUGAR_USD_KG,2026-01-15,0.620236
SUGAR_USD_KG,2026-01-16,0.611525
SUGAR_USD_KG,2026-01-17,0.610722
SUGAR_USD_KG,2026-01-18,0.599508
SUGAR_USD_KG,2026-01-19,0.591978
SUGAR_USD_KG,2026-01-20,0.595138
SUGAR_USD_KG,2026-01-21,0.597650
SUGAR_USD_KG,2026-01-22,0.593919
SUGAR_USD_KG,2026-01-23,0.589200
SUGAR_USD_KG,2026-01-24,0.581673
SUGAR_USD_KG,2026-01-25,0.589635
SUGAR_USD_KG,2026-01-26,0.592925
SUGAR_USD_KG,2026-01-27,0.582685
SUGAR_USD_KG,2026-01-28,0.584254
SUGAR_USD_KG,2026-01-29,0.576656
SUGAR_USD_KG,2026-01-30,0.578441
SUGAR_USD_KG,2026-01-31,0.575167
SUGAR_USD_KG,2026-02-01,0.579916
SUGAR_USD_KG,2026-02-02,0.568522
SUGAR_USD_KG,2026-02-03,0.572594
SUGAR_USD_KG,2026-02-04,0.574780
SUGAR_USD_KG,2026-02-05,0.565427
SUGAR_USD_KG,2026-02-06,0.561067
SUGAR_USD_KG,2026-02-07,0.547678
SUGAR_USD_KG,2026-02-08,0.544180
SUGAR_USD_KG,2026-02-09,0.536842
SUGAR_USD_KG,2026-02-10,0.540071
SUGAR_USD_KG,2026-02-11,0.535631
SUGAR_USD_KG,2026-02-12,0.537985
SUGAR_USD_KG,2026-02-13,0.533668
SUGAR_USD_KG,2026-02-14,0.535130
SUGAR_USD_KG,2026-02-15,0.536632
SUGAR_USD_KG,2026-02-16,0.530333
SUGAR_USD_KG,2026-02-17,0.510876
SUGAR_USD_KG,2026-02-18,0.501123
SUGAR_USD_KG,2026-02-19,0.495493
SUGAR_USD_KG,2026-02-20,0.495835
SUGAR_USD_KG,2026-02-21,0.495640
SUGAR_USD_KG,2026-02-22,0.493855
SUGAR_USD_KG,2026-02-23,0.491281
SUGAR_USD_KG,2026-02-24,0.489194
SUGAR_USD_KG,2026-02-25,0.486243
SUGAR_USD_KG,2026-02-26,0.483596
SUGAR_USD_KG,2026-02-27,0.486058
SUGAR_USD_KG,2026-02-28,0.485325
SUGAR_USD_KG,2026-03-01,0.483602
SUGAR_USD_KG,2026-03-02,0.483498
SUGAR_USD_KG,2026-03-03,0.486773
SUGAR_USD_KG,2026-03-04,0.490686
SUGAR_USD_KG,2026-03-05,0.487084
SUGAR_USD_KG,2026-03-06,0.480796
SUGAR_USD_KG,2026-03-07,0.474778
SUGAR_USD_KG,2026-03-08,0.475594
SUGAR_USD_KG,2026-03-09,0.471406
SUGAR_USD_KG,2026-03-10,0.483065
SUGAR_USD_KG,2026-03-11,0.483128
SUGAR_USD_KG,2026-03-12,0.474634
SUGAR_USD_KG,2026-03-13,0.479105
SUGAR_USD_KG,2026-03-14,0.479680
SUGAR_USD_KG,2026-03-15,0.480446
SUGAR_USD_KG,2026-03-16,0.480436
SUGAR_USD_KG,2026-03-17,0.483151
SUGAR_USD_KG,2026-03-18,0.485310
SUGAR_USD_KG,2026-03-19,0.487388
SUGAR_USD_KG,2026-03-20,0.485032
SUGAR_USD_KG,2026-03-21,0.483357
SUGAR_USD_KG,2026-03-22,0.469137
SUGAR_USD_KG,2026-03-23,0.472859
SUGAR_USD_KG,2026-03-24,0.472117
SUGAR_USD_KG,2026-03-25,0.481416
SUGAR_USD_KG,2026-03-26,0.481495
SUGAR_USD_KG,2026-03-27,0.482486
SUGAR_USD_KG,2026-03-28,0.489031
SUGAR_USD_KG,2026-03-29,0.485602
SUGAR_USD_KG,2026-03-30,0.484840
SUGAR_USD_KG,2026-03-31,0.486459
SUGAR_USD_KG,2026-04-01,0.480900
SUGAR_USD_KG,2026-04-02,0.480965
SUGAR_USD_KG,2026-04-03,0.480925
SUGAR_USD_KG,2026-04-04,0.481494
SUGAR_USD_KG,2026-04-05,0.478441
SUGAR_USD_KG,2026-04-06,0.474168
SUGAR_USD_KG,2026-04-07,0.479381
SUGAR_USD_KG,2026-04-08,0.484056
SUGAR_USD_KG,2026-04-09,0.489295
SUGAR_USD_KG,2026-04-10,0.497148
SUGAR_USD_KG,2026-04-11,0.498143
SUGAR_USD_KG,2026-04-12,0.488109
SUGAR_USD_KG,2026-04-13,0.494518
SUGAR_USD_KG,2026-04-14,0.494693
SUGAR_USD_KG,2026-04-15,0.494325
SUGAR_USD_KG,2026-04-16,0.490817
SUGAR_USD_KG,2026-04-17,0.494490
SUGAR_USD_KG,2026-04-18,0.488835
SUGAR_USD_KG,2026-04-19,0.492235
SUGAR_USD_KG,2026-04-20,0.488827
SUGAR_USD_KG,2026-04-21,0.486891
SUGAR_USD_KG,2026-04-22,0.486393
SUGAR_USD_KG,2026-04-23,0.484238
SUGAR_USD_KG,2026-04-24,0.478510
SUGAR_USD_KG,2026-04-25,0.487089
SUGAR_USD_KG,2026-04-26,0.480721
SUGAR_USD_KG,2026-04-27,0.483042
SUGAR_USD_KG,2026-04-28,0.485511
SUGAR_USD_KG,2026-04-29,0.483107
SUGAR_USD_KG,2026-04-30,0.485645
SUGAR_USD_KG,2026-05-01,0.498038
SUGAR_USD_KG,2026-05-02,0.496620
SUGAR_USD_KG,2026-05-03,0.496488
SUGAR_USD_KG,2026-05-04,0.495334
SUGAR_USD_KG,2026-05-05,0.499929
SUGAR_USD_KG,2026-05-06,0.483973
SUGAR_USD_KG,2026-05-07,0.476775
SUGAR_USD_KG,2026-05-08,0.471635
SUGAR_USD_KG,2026-05-09,0.475111
SUGAR_USD_KG,2026-05-10,0.470073
SUGAR_USD_KG,2026-05-11,0.469206
SUGAR_USD_KG,2026-05-12,0.468602
SUGAR_USD_KG,2026-05-13,0.467500
SUGAR_USD_KG,2026-05-14,0.460720
SUGAR_USD_KG,2026-05-15,0.464658
SUGAR_USD_KG,2026-05-16,0.467709
SUGAR_USD_KG,2026-05-17,0.466901
SUGAR_USD_KG,2026-05-18,0.468976
SUGAR_USD_KG,2026-05-19,0.466545
SUGAR_USD_KG,2026-05-20,0.469129
SUGAR_USD_KG,2026-05-21,0.468275
SUGAR_USD_KG,2026-05-22,0.471461
SUGAR_USD_KG,2026-05-23,0.467695
SUGAR_USD_KG,2026-05-24,0.464939
SUGAR_USD_KG,2026-05-25,0.466586
SUGAR_USD_KG,2026-05-26,0.467005
SUGAR_USD_KG,2026-05-27,0.462543
SUGAR_USD_KG,2026-05-28,0.461486
SUGAR_USD_KG,2026-05-29,0.463343
SUGAR_USD_KG,2026-05-30,0.456756
SUGAR_USD_KG,2026-05-31,0.451783
SUGAR_USD_KG,2026-06-01,0.448815
SUGAR_USD_KG,2026-06-02,0.442659
SUGAR_USD_KG,2026-06-03,0.436905
SUGAR_USD_KG,2026-06-04,0.432552
SUGAR_USD_KG,2026-06-05,0.432950
SUGAR_USD_KG,2026-06-06,0.435289
SUGAR_USD_KG,2026-06-07,0.437301
SUGAR_USD_KG,2026-06-08,0.437463
SUGAR_USD_KG,2026-06-09,0.433706
SUGAR_USD_KG,2026-06-10,0.439451
SUGAR_USD_KG,2026-06-11,0.434798
SUGAR_USD_KG,2026-06-12,0.442891
SUGAR_USD_KG,2026-06-13,0.439282
SUGAR_USD_KG,2026-06-14,0.434077
SUGAR_USD_KG,2026-06-15,0.434164
SUGAR_USD_KG,2026-06-16,0.432771
SUGAR_USD_KG,2026-06-17,0.438047
SUGAR_USD_KG,2026-06-18,0.443348
SUGAR_USD_KG,2026-06-19,0.441849
SUGAR_USD_KG,2026-06-20,0.446421
SUGAR_USD_KG,2026-06-21,0.455150
SUGAR_USD_KG,2026-06-22,0.460150
SUGAR_USD_KG,2026-06-23,0.458782
SUGAR_USD_KG,2026-06-24,0.462034
SUGAR_USD_KG,2026-06-25,0.454964
SUGAR_USD_KG,2026-06-26,0.455364
SUGAR_USD_KG,2026-06-27,0.455358
SUGAR_USD_KG,2026-06-28,0.459801
SUGAR_USD_KG,2026-06-29,0.451626
SUGAR_USD_KG,2026-06-30,0.447696
COTTON_USD_KG,2024-08-01,1.871506
COTTON_USD_KG,2024-08-02,1.872412
COTTON_USD_KG,2024-08-03,1.840550
COTTON_USD_KG,2024-08-04,1.824882
COTTON_USD_KG,2024-08-05,1.819982
COTTON_USD_KG,2024-08-06,1.861587
COTTON_USD_KG,2024-08-07,1.864574
COTTON_USD_KG,2024-08-08,1.838417
COTTON_USD_KG,2024-08-09,1.820495
COTTON_USD_KG,2024-08-10,1.824181
COTTON_USD_KG,2024-08-11,1.830622
COTTON_USD_KG,2024-08-12,1.821767
COTTON_USD_KG,2024-08-13,1.812666
COTTON_USD_KG,2024-08-14,1.823672
COTTON_USD_KG,2024-08-15,1.834505
COTTON_USD_KG,2024-08-16,1.829610
COTTON_USD_KG,2024-08-17,1.821932
COTTON_USD_KG,2024-08-18,1.838675
COTTON_USD_KG,2024-08-19,1.831639
COTTON_USD_KG,2024-08-20,1.837599
COTTON_USD_KG,2024-08-21,1.832737
COTTON_USD_KG,2024-08-22,1.851721
COTTON_USD_KG,2024-08-23,1.855852
COTTON_USD_KG,2024-08-24,1.860346
COTTON_USD_KG,2024-08-25,1.864233
COTTON_USD_KG,2024-08-26,1.874677
COTTON_USD_KG,2024-08-27,1.868597
COTTON_USD_KG,2024-08-28,1.858732
COTTON_USD_KG,2024-08-29,1.848241
COTTON_USD_KG,2024-08-30,1.869192
COTTON_USD_KG,2024-08-31,1.880972
COTTON_USD_KG,2024-09-01,1.891659
COTTON_USD_KG,2024-09-02,1.878771
COTTON_USD_KG,2024-09-03,1.906611
COTTON_USD_KG,2024-09-04,1.917127
COTTON_USD_KG,2024-09-05,1.901967
COTTON_USD_KG,2024-09-06,1.905692
COTTON_USD_KG,2024-09-07,1.901758
COTTON_USD_KG,2024-09-08,1.922589
COTTON_USD_KG,2024-09-09,1.915087
COTTON_USD_KG,2024-09-10,1.937770
COTTON_USD_KG,2024-09-11,1.960277
COTTON_USD_KG,2024-09-12,1.972511
COTTON_USD_KG,2024-09-13,1.981476
COTTON_USD_KG,2024-09-14,1.973103
COTTON_USD_KG,2024-09-15,1.983378
COTTON_USD_KG,2024-09-16,1.966209
COTTON_USD_KG,2024-09-17,1.957919
COTTON_USD_KG,2024-09-18,1.934300
COTTON_USD_KG,2024-09-19,1.966283
COTTON_USD_KG,2024-09-20,1.965651
COTTON_USD_KG,2024-09-21,1.983596
COTTON_USD_KG,2024-09-22,1.977967
COTTON_USD_KG,2024-09-23,1.982391
COTTON_USD_KG,2024-09-24,1.960954
COTTON_USD_KG,2024-09-25,1.944951
COTTON_USD_KG,2024-09-26,1.921823
COTTON_USD_KG,2024-09-27,1.941979
COTTON_USD_KG,2024-09-28,1.948046
COTTON_USD_KG,2024-09-29,1.922117
COTTON_USD_KG,2024-09-30,1.951433
COTTON_USD_KG,2024-10-01,1.952411
COTTON_USD_KG,2024-10-02,1.944481
COTTON_USD_KG,2024-10-03,1.954351
COTTON_USD_KG,2024-10-04,1.973021
COTTON_USD_KG,2024-10-05,1.979083
COTTON_USD_KG,2024-10-06,1.983490
COTTON_USD_KG,2024-10-07,2.002989
COTTON_USD_KG,2024-10-08,2.011699
COTTON_USD_KG,2024-10-09,2.022884
COTTON_USD_KG,2024-10-10,2.008563
COTTON_USD_KG,2024-10-11,1.996811
COTTON_USD_KG,2024-10-12,2.045970
COTTON_USD_KG,2024-10-13,2.047858
COTTON_USD_KG,2024-10-14,2.013036
COTTON_USD_KG,2024-10-15,2.019345
COTTON_USD_KG,2024-10-16,2.024599
COTTON_USD_KG,2024-10-17,2.021543
COTTON_USD_KG,2024-10-18,2.029714
COTTON_USD_KG,2024-10-19,2.046055
COTTON_USD_KG,2024-10-20,2.043367
COTTON_USD_KG,2024-10-21,2.040859
COTTON_USD_KG,2024-10-22,2.054111
COTTON_USD_KG,2024-10-23,2.030841
COTTON_USD_KG,2024-10-24,2.042028
COTTON_USD_KG,2024-10-25,2.046625
COTTON_USD_KG,2024-10-26,2.070330
COTTON_USD_KG,2024-10-27,2.017282
COTTON_USD_KG,2024-10-28,2.018622
COTTON_USD_KG,2024-10-29,2.022224
COTTON_USD_KG,2024-10-30,2.012037
COTTON_USD_KG,2024-10-31,2.033919
COTTON_USD_KG,2024-11-01,2.007707
COTTON_USD_KG,2024-11-02,1.997727
COTTON_USD_KG,2024-11-03,2.014990
COTTON_USD_KG,2024-11-04,2.038658
COTTON_USD_KG,2024-11-05,2.037202
COTTON_USD_KG,2024-11-06,2.061565
COTTON_USD_KG,2024-11-07,2.074454
COTTON_USD_KG,2024-11-08,2.100014
COTTON_USD_KG,2024-11-09,2.102033
COTTON_USD_KG,2024-11-10,2.111288
COTTON_USD_KG,2024-11-11,2.093275
COTTON_USD_KG,2024-11-12,2.119777
COTTON_USD_KG,2024-11-13,2.087568
COTTON_USD_KG,2024-11-14,2.063412
COTTON_USD_KG,2024-11-15,2.018875
COTTON_USD_KG,2024-11-16,2.029055
COTTON_USD_KG,2024-11-17,2.012853
COTTON_USD_KG,2024-11-18,2.033003
COTTON_USD_KG,2024-11-19,2.053901
COTTON_USD_KG,2024-11-20,2.022961
COTTON_USD_KG,2024-11-21,2.038800
COTTON_USD_KG,2024-11-22,2.033504
COTTON_USD_KG,2024-11-23,2.045929
COTTON_USD_KG,2024-11-24,2.062556
COTTON_USD_KG,2024-11-25,2.067079
COTTON_USD_KG,2024-11-26,2.048057
COTTON_USD_KG,2024-11-27,2.065206
COTTON_USD_KG,2024-11-28,2.085360
COTTON_USD_KG,2024-11-29,2.106274
COTTON_USD_KG,2024-11-30,2.103448
COTTON_USD_KG,2024-12-01,2.129869
COTTON_USD_KG,2024-12-02,2.116828
COTTON_USD_KG,2024-12-03,2.088311
COTTON_USD_KG,2024-12-04,2.111235
COTTON_USD_KG,2024-12-05,2.119189
COTTON_USD_KG,2024-12-06,2.130764
COTTON_USD_KG,2024-12-07,2.166234
COTTON_USD_KG,2024-12-08,2.160153
COTTON_USD_KG,2024-12-09,2.138630
COTTON_USD_KG,2024-12-10,2.157415
COTTON_USD_KG,2024-12-11,2.150205
COTTON_USD_KG,2024-12-12,2.126829
COTTON_USD_KG,2024-12-13,2.125926
COTTON_USD_KG,2024-12-14,2.154040
COTTON_USD_KG,2024-12-15,2.147951
COTTON_USD_KG,2024-12-16,2.161931
COTTON_USD_KG,2024-12-17,2.153936
COTTON_USD_KG,2024-12-18,2.146221
COTTON_USD_KG,2024-12-19,2.164432
COTTON_USD_KG,2024-12-20,2.161675
COTTON_USD_KG,2024-12-21,2.183863
COTTON_USD_KG,2024-12-22,2.183015
COTTON_USD_KG,2024-12-23,2.185540
COTTON_USD_KG,2024-12-24,2.157426
COTTON_USD_KG,2024-12-25,2.147861
COTTON_USD_KG,2024-12-26,2.201515
COTTON_USD_KG,2024-12-27,2.189339
COTTON_USD_KG,2024-12-28,2.179216
COTTON_USD_KG,2024-12-29,2.172445
COTTON_USD_KG,2024-12-30,2.166412
COTTON_USD_KG,2024-12-31,2.209378
COTTON_USD_KG,2025-01-01,2.200768
COTTON_USD_KG,2025-01-02,2.161155
COTTON_USD_KG,2025-01-03,2.142744
COTTON_USD_KG,2025-01-04,2.153584
COTTON_USD_KG,2025-01-05,2.159459
COTTON_USD_KG,2025-01-06,2.135762
COTTON_USD_KG,2025-01-07,2.104396
COTTON_USD_KG,2025-01-08,2.088563
COTTON_USD_KG,2025-01-09,2.050658
COTTON_USD_KG,2025-01-10,2.038353
COTTON_USD_KG,2025-01-11,2.015014
COTTON_USD_KG,2025-01-12,2.052479
COTTON_USD_KG,2025-01-13,2.064599
COTTON_USD_KG,2025-01-14,2.055318
COTTON_USD_KG,2025-01-15,2.041620
COTTON_USD_KG,2025-01-16,2.063589
COTTON_USD_KG,2025-01-17,2.033402
COTTON_USD_KG,2025-01-18,2.024846
COTTON_USD_KG,2025-01-19,2.006155
COTTON_USD_KG,2025-01-20,2.038759
COTTON_USD_KG,2025-01-21,2.020642
COTTON_USD_KG,2025-01-22,2.045978
COTTON_USD_KG,2025-01-23,2.026842
COTTON_USD_KG,2025-01-24,2.010904
COTTON_USD_KG,2025-01-25,1.990290
COTTON_USD_KG,2025-01-26,1.960506
COTTON_USD_KG,2025-01-27,1.967948
COTTON_USD_KG,2025-01-28,1.962096
COTTON_USD_KG,2025-01-29,1.954587
COTTON_USD_KG,2025-01-30,1.935455
COTTON_USD_KG,2025-01-31,1.927140
COTTON_USD_KG,2025-02-01,1.902323
COTTON_USD_KG,2025-02-02,1.898967
COTTON_USD_KG,2025-02-03,1.893110
COTTON_USD_KG,2025-02-04,1.879070
COTTON_USD_KG,2025-02-05,1.833614
COTTON_USD_KG,2025-02-06,1.845376
COTTON_USD_KG,2025-02-07,1.868174
COTTON_USD_KG,2025-02-08,1.866000
COTTON_USD_KG,2025-02-09,1.854393
COTTON_USD_KG,2025-02-10,1.867653
COTTON_USD_KG,2025-02-11,1.876348
COTTON_USD_KG,2025-02-12,1.885361
COTTON_USD_KG,2025-02-13,1.890214
COTTON_USD_KG,2025-02-14,1.899691
COTTON_USD_KG,2025-02-15,1.898281
COTTON_USD_KG,2025-02-16,1.912533
COTTON_USD_KG,2025-02-17,1.908145
COTTON_USD_KG,2025-02-18,1.915552
COTTON_USD_KG,2025-02-19,1.947136
COTTON_USD_KG,2025-02-20,1.956733
COTTON_USD_KG,2025-02-21,1.980203
COTTON_USD_KG,2025-02-22,1.950072
COTTON_USD_KG,2025-02-23,1.955440
COTTON_USD_KG,2025-02-24,1.966272
COTTON_USD_KG,2025-02-25,1.967752
COTTON_USD_KG,2025-02-26,1.988075
COTTON_USD_KG,2025-02-27,1.982678
COTTON_USD_KG,2025-02-28,1.959659
COTTON_USD_KG,2025-03-01,1.963357
COTTON_USD_KG,2025-03-02,1.948456
COTTON_USD_KG,2025-03-03,1.957739
COTTON_USD_KG,2025-03-04,1.961991
COTTON_USD_KG,2025-03-05,1.976267
COTTON_USD_KG,2025-03-06,1.975967
COTTON_USD_KG,2025-03-07,1.967585
COTTON_USD_KG,2025-03-08,1.996924
COTTON_USD_KG,2025-03-09,1.982337
COTTON_USD_KG,2025-03-10,1.986587
COTTON_USD_KG,2025-03-11,1.989327
COTTON_USD_KG,2025-03-12,2.000495
COTTON_USD_KG,2025-03-13,1.988641
COTTON_USD_KG,2025-03-14,2.023696
COTTON_USD_KG,2025-03-15,2.015402
COTTON_USD_KG,2025-03-16,1.984067
COTTON_USD_KG,2025-03-17,1.968574
COTTON_USD_KG,2025-03-18,1.967620
COTTON_USD_KG,2025-03-19,1.957193
COTTON_USD_KG,2025-03-20,1.920125
COTTON_USD_KG,2025-03-21,1.902067
COTTON_USD_KG,2025-03-22,1.876800
COTTON_USD_KG,2025-03-23,1.837354
COTTON_USD_KG,2025-03-24,1.814666
COTTON_USD_KG,2025-03-25,1.809307
COTTON_USD_KG,2025-03-26,1.816356
COTTON_USD_KG,2025-03-27,1.828063
COTTON_USD_KG,2025-03-28,1.838979
COTTON_USD_KG,2025-03-29,1.822473
COTTON_USD_KG,2025-03-30,1.826249
COTTON_USD_KG,2025-03-31,1.849967
COTTON_USD_KG,2025-04-01,1.848182
COTTON_USD_KG,2025-04-02,1.841729
COTTON_USD_KG,2025-04-03,1.848560
COTTON_USD_KG,2025-04-04,1.829348
COTTON_USD_KG,2025-04-05,1.819230
COTTON_USD_KG,2025-04-06,1.805178
COTTON_USD_KG,2025-04-07,1.799275
COTTON_USD_KG,2025-04-08,1.784794
COTTON_USD_KG,2025-04-09,1.792030
COTTON_USD_KG,2025-04-10,1.801788
COTTON_USD_KG,2025-04-11,1.829967
COTTON_USD_KG,2025-04-12,1.822798
COTTON_USD_KG,2025-04-13,1.823398
COTTON_USD_KG,2025-04-14,1.853486
COTTON_USD_KG,2025-04-15,1.811341
COTTON_USD_KG,2025-04-16,1.780405
COTTON_USD_KG,2025-04-17,1.800151
COTTON_USD_KG,2025-04-18,1.807305
COTTON_USD_KG,2025-04-19,1.794364
COTTON_USD_KG,2025-04-20,1.784801
COTTON_USD_KG,2025-04-21,1.763989
COTTON_USD_KG,2025-04-22,1.749976
COTTON_USD_KG,2025-04-23,1.739798
COTTON_USD_KG,2025-04-24,1.730706
COTTON_USD_KG,2025-04-25,1.708134
COTTON_USD_KG,2025-04-26,1.709436
COTTON_USD_KG,2025-04-27,1.696916
COTTON_USD_KG,2025-04-28,1.718733
COTTON_USD_KG,2025-04-29,1.727281
COTTON_USD_KG,2025-04-30,1.715383
COTTON_USD_KG,2025-05-01,1.701745
COTTON_USD_KG,2025-05-02,1.690852
COTTON_USD_KG,2025-05-03,1.671413
COTTON_USD_KG,2025-05-04,1.643337
COTTON_USD_KG,2025-05-05,1.647814
COTTON_USD_KG,2025-05-06,1.644014
COTTON_USD_KG,2025-05-07,1.648693
COTTON_USD_KG,2025-05-08,1.640245
COTTON_USD_KG,2025-05-09,1.660841
COTTON_USD_KG,2025-05-10,1.671416
COTTON_USD_KG,2025-05-11,1.654415
COTTON_USD_KG,2025-05-12,1.670701
COTTON_USD_KG,2025-05-13,1.672439
COTTON_USD_KG,2025-05-14,1.659032
COTTON_USD_KG,2025-05-15,1.670038
COTTON_USD_KG,2025-05-16,1.684077
COTTON_USD_KG,2025-05-17,1.711633
COTTON_USD_KG,2025-05-18,1.708075
COTTON_USD_KG,2025-05-19,1.697889
COTTON_USD_KG,2025-05-20,1.684666
COTTON_USD_KG,2025-05-21,1.693691
COTTON_USD_KG,2025-05-22,1.694923
COTTON_USD_KG,2025-05-23,1.667722
COTTON_USD_KG,2025-05-24,1.666412
COTTON_USD_KG,2025-05-25,1.657302
COTTON_USD_KG,2025-05-26,1.646675
COTTON_USD_KG,2025-05-27,1.661205
COTTON_USD_KG,2025-05-28,1.678816
COTTON_USD_KG,2025-05-29,1.651402
COTTON_USD_KG,2025-05-30,1.670225
COTTON_USD_KG,2025-05-31,1.678865
COTTON_USD_KG,2025-06-01,1.659711
COTTON_USD_KG,2025-06-02,1.659379
COTTON_USD_KG,2025-06-03,1.667720
COTTON_USD_KG,2025-06-04,1.647187
COTTON_USD_KG,2025-06-05,1.629448
COTTON_USD_KG,2025-06-06,1.614924
COTTON_USD_KG,2025-06-07,1.601499
COTTON_USD_KG,2025-06-08,1.599695
COTTON_USD_KG,2025-06-09,1.612334
COTTON_USD_KG,2025-06-10,1.618767
COTTON_USD_KG,2025-06-11,1.614990
COTTON_USD_KG,2025-06-12,1.602368
COTTON_USD_KG,2025-06-13,1.618367
COTTON_USD_KG,2025-06-14,1.597216
COTTON_USD_KG,2025-06-15,1.607318
COTTON_USD_KG,2025-06-16,1.628573
COTTON_USD_KG,2025-06-17,1.630877
COTTON_USD_KG,2025-06-18,1.633382
COTTON_USD_KG,2025-06-19,1.655271
COTTON_USD_KG,2025-06-20,1.657676
COTTON_USD_KG,2025-06-21,1.667450
COTTON_USD_KG,2025-06-22,1.660494
COTTON_USD_KG,2025-06-23,1.663008
COTTON_USD_KG,2025-06-24,1.666515
COTTON_USD_KG,2025-06-25,1.661444
COTTON_USD_KG,2025-06-26,1.665470
COTTON_USD_KG,2025-06-27,1.668334
COTTON_USD_KG,2025-06-28,1.650848
COTTON_USD_KG,2025-06-29,1.653191
COTTON_USD_KG,2025-06-30,1.623951
COTTON_USD_KG,2025-07-01,1.626240
COTTON_USD_KG,2025-07-02,1.624489
COTTON_USD_KG,2025-07-03,1.625723
COTTON_USD_KG,2025-07-04,1.608025
COTTON_USD_KG,2025-07-05,1.598642
COTTON_USD_KG,2025-07-06,1.604369
COTTON_USD_KG,2025-07-07,1.609155
COTTON_USD_KG,2025-07-08,1.616974
COTTON_USD_KG,2025-07-09,1.642027
COTTON_USD_KG,2025-07-10,1.665398
COTTON_USD_KG,2025-07-11,1.656100
COTTON_USD_KG,2025-07-12,1.647373
COTTON_USD_KG,2025-07-13,1.680332
COTTON_USD_KG,2025-07-14,1.644557
COTTON_USD_KG,2025-07-15,1.643060
COTTON_USD_KG,2025-07-16,1.647777
COTTON_USD_KG,2025-07-17,1.667201
COTTON_USD_KG,2025-07-18,1.676537
COTTON_USD_KG,2025-07-19,1.699889
COTTON_USD_KG,2025-07-20,1.697952
COTTON_USD_KG,2025-07-21,1.723908
COTTON_USD_KG,2025-07-22,1.730121
COTTON_USD_KG,2025-07-23,1.731890
COTTON_USD_KG,2025-07-24,1.720680
COTTON_USD_KG,2025-07-25,1.672600
COTTON_USD_KG,2025-07-26,1.687071
COTTON_USD_KG,2025-07-27,1.702965
COTTON_USD_KG,2025-07-28,1.704658
COTTON_USD_KG,2025-07-29,1.694658
COTTON_USD_KG,2025-07-30,1.695159
COTTON_USD_KG,2025-07-31,1.707435
COTTON_USD_KG,2025-08-01,1.731618
COTTON_USD_KG,2025-08-02,1.744319
COTTON_USD_KG,2025-08-03,1.746770
COTTON_USD_KG,2025-08-04,1.739689
COTTON_USD_KG,2025-08-05,1.767530
COTTON_USD_KG,2025-08-06,1.777160
COTTON_USD_KG,2025-08-07,1.789384
COTTON_USD_KG,2025-08-08,1.785866
COTTON_USD_KG,2025-08-09,1.769379
COTTON_USD_KG,2025-08-10,1.775989
COTTON_USD_KG,2025-08-11,1.757871
COTTON_USD_KG,2025-08-12,1.734716
COTTON_USD_KG,2025-08-13,1.733494
COTTON_USD_KG,2025-08-14,1.740280
COTTON_USD_KG,2025-08-15,1.748480
COTTON_USD_KG,2025-08-16,1.775154
COTTON_USD_KG,2025-08-17,1.806765
COTTON_USD_KG,2025-08-18,1.828597
COTTON_USD_KG,2025-08-19,1.829594
COTTON_USD_KG,2025-08-20,1.834914
COTTON_USD_KG,2025-08-21,1.813678
COTTON_USD_KG,2025-08-22,1.833035
COTTON_USD_KG,2025-08-23,1.804644
COTTON_USD_KG,2025-08-24,1.801919
COTTON_USD_KG,2025-08-25,1.822433
COTTON_USD_KG,2025-08-26,1.800577
COTTON_USD_KG,2025-08-27,1.778745
COTTON_USD_KG,2025-08-28,1.792226
COTTON_USD_KG,2025-08-29,1.835575
COTTON_USD_KG,2025-08-30,1.836936
COTTON_USD_KG,2025-08-31,1.840767
COTTON_USD_KG,2025-09-01,1.843202
COTTON_USD_KG,2025-09-02,1.838442
COTTON_USD_KG,2025-09-03,1.820597
COTTON_USD_KG,2025-09-04,1.804310
COTTON_USD_KG,2025-09-05,1.806517
COTTON_USD_KG,2025-09-06,1.828996
COTTON_USD_KG,2025-09-07,1.835261
COTTON_USD_KG,2025-09-08,1.850264
COTTON_USD_KG,2025-09-09,1.843200
COTTON_USD_KG,2025-09-10,1.843248
COTTON_USD_KG,2025-09-11,1.842495
COTTON_USD_KG,2025-09-12,1.838543
COTTON_USD_KG,2025-09-13,1.833130
COTTON_USD_KG,2025-09-14,1.822044
COTTON_USD_KG,2025-09-15,1.810862
COTTON_USD_KG,2025-09-16,1.829727
COTTON_USD_KG,2025-09-17,1.828649
COTTON_USD_KG,2025-09-18,1.798076
COTTON_USD_KG,2025-09-19,1.814838
COTTON_USD_KG,2025-09-20,1.832796
COTTON_USD_KG,2025-09-21,1.842968
COTTON_USD_KG,2025-09-22,1.858054
COTTON_USD_KG,2025-09-23,1.831671
COTTON_USD_KG,2025-09-24,1.813709
COTTON_USD_KG,2025-09-25,1.813084
COTTON_USD_KG,2025-09-26,1.814504
COTTON_USD_KG,2025-09-27,1.799382
COTTON_USD_KG,2025-09-28,1.801994
COTTON_USD_KG,2025-09-29,1.800698
COTTON_USD_KG,2025-09-30,1.768636
COTTON_USD_KG,2025-10-01,1.766635
COTTON_USD_KG,2025-10-02,1.763503
COTTON_USD_KG,2025-10-03,1.777286
COTTON_USD_KG,2025-10-04,1.788662
COTTON_USD_KG,2025-10-05,1.821694
COTTON_USD_KG,2025-10-06,1.808408
COTTON_USD_KG,2025-10-07,1.796777
COTTON_USD_KG,2025-10-08,1.827664
COTTON_USD_KG,2025-10-09,1.830103
COTTON_USD_KG,2025-10-10,1.854126
COTTON_USD_KG,2025-10-11,1.863874
COTTON_USD_KG,2025-10-12,1.863526
COTTON_USD_KG,2025-10-13,1.872521
COTTON_USD_KG,2025-10-14,1.873799
COTTON_USD_KG,2025-10-15,1.871369
COTTON_USD_KG,2025-10-16,1.875636
COTTON_USD_KG,2025-10-17,1.857584
COTTON_USD_KG,2025-10-18,1.854001
COTTON_USD_KG,2025-10-19,1.851693
COTTON_USD_KG,2025-10-20,1.877083
COTTON_USD_KG,2025-10-21,1.885067
COTTON_USD_KG,2025-10-22,1.902677
COTTON_USD_KG,2025-10-23,1.880621
COTTON_USD_KG,2025-10-24,1.891455
COTTON_USD_KG,2025-10-25,1.907196
COTTON_USD_KG,2025-10-26,1.923730
COTTON_USD_KG,2025-10-27,1.923283
COTTON_USD_KG,2025-10-28,1.954186
COTTON_USD_KG,2025-10-29,1.935753
COTTON_USD_KG,2025-10-30,1.922453
COTTON_USD_KG,2025-10-31,1.893008
COTTON_USD_KG,2025-11-01,1.877465
COTTON_USD_KG,2025-11-02,1.892646
COTTON_USD_KG,2025-11-03,1.878969
COTTON_USD_KG,2025-11-04,1.862802
COTTON_USD_KG,2025-11-05,1.858957
COTTON_USD_KG,2025-11-06,1.856816
COTTON_USD_KG,2025-11-07,1.824741
COTTON_USD_KG,2025-11-08,1.810295
COTTON_USD_KG,2025-11-09,1.819789
COTTON_USD_KG,2025-11-10,1.836808
COTTON_USD_KG,2025-11-11,1.854613
COTTON_USD_KG,2025-11-12,1.864389
COTTON_USD_KG,2025-11-13,1.829434
COTTON_USD_KG,2025-11-14,1.844456
COTTON_USD_KG,2025-11-15,1.831116
COTTON_USD_KG,2025-11-16,1.835118
COTTON_USD_KG,2025-11-17,1.819462
COTTON_USD_KG,2025-11-18,1.808116
COTTON_USD_KG,2025-11-19,1.804298
COTTON_USD_KG,2025-11-20,1.816770
COTTON_USD_KG,2025-11-21,1.793792
COTTON_USD_KG,2025-11-22,1.783117
COTTON_USD_KG,2025-11-23,1.808934
COTTON_USD_KG,2025-11-24,1.841130
COTTON_USD_KG,2025-11-25,1.840497
COTTON_USD_KG,2025-11-26,1.780931
COTTON_USD_KG,2025-11-27,1.764680
COTTON_USD_KG,2025-11-28,1.787020
COTTON_USD_KG,2025-11-29,1.812624
COTTON_USD_KG,2025-11-30,1.818418
COTTON_USD_KG,2025-12-01,1.826290
COTTON_USD_KG,2025-12-02,1.798985
COTTON_USD_KG,2025-12-03,1.773687
COTTON_USD_KG,2025-12-04,1.787000
COTTON_USD_KG,2025-12-05,1.802856
COTTON_USD_KG,2025-12-06,1.801356
COTTON_USD_KG,2025-12-07,1.761853
COTTON_USD_KG,2025-12-08,1.753056
COTTON_USD_KG,2025-12-09,1.762407
COTTON_USD_KG,2025-12-10,1.764442
COTTON_USD_KG,2025-12-11,1.740939
COTTON_USD_KG,2025-12-12,1.776464
COTTON_USD_KG,2025-12-13,1.763632
COTTON_USD_KG,2025-12-14,1.773883
COTTON_USD_KG,2025-12-15,1.789352
COTTON_USD_KG,2025-12-16,1.801346
COTTON_USD_KG,2025-12-17,1.808588
COTTON_USD_KG,2025-12-18,1.803783
COTTON_USD_KG,2025-12-19,1.777026
COTTON_USD_KG,2025-12-20,1.778062
COTTON_USD_KG,2025-12-21,1.780688
COTTON_USD_KG,2025-12-22,1.780288
COTTON_USD_KG,2025-12-23,1.784946
COTTON_USD_KG,2025-12-24,1.783205
COTTON_USD_KG,2025-12-25,1.775546
COTTON_USD_KG,2025-12-26,1.792400
COTTON_USD_KG,2025-12-27,1.788714
COTTON_USD_KG,2025-12-28,1.777706
COTTON_USD_KG,2025-12-29,1.793304
COTTON_USD_KG,2025-12-30,1.782040
COTTON_USD_KG,2025-12-31,1.774494
COTTON_USD_KG,2026-01-01,1.770667
COTTON_USD_KG,2026-01-02,1.759836
COTTON_USD_KG,2026-01-03,1.724930
COTTON_USD_KG,2026-01-04,1.720083
COTTON_USD_KG,2026-01-05,1.705273
COTTON_USD_KG,2026-01-06,1.707377
COTTON_USD_KG,2026-01-07,1.710659
COTTON_USD_KG,2026-01-08,1.716064
COTTON_USD_KG,2026-01-09,1.700449
COTTON_USD_KG,2026-01-10,1.675324
COTTON_USD_KG,2026-01-11,1.676605
COTTON_USD_KG,2026-01-12,1.675345
COTTON_USD_KG,2026-01-13,1.700395
COTTON_USD_KG,2026-01-14,1.687154
COTTON_USD_KG,2026-01-15,1.701414
COTTON_USD_KG,2026-01-16,1.736312
COTTON_USD_KG,2026-01-17,1.726684
COTTON_USD_KG,2026-01-18,1.726870
COTTON_USD_KG,2026-01-19,1.727944
COTTON_USD_KG,2026-01-20,1.726787
COTTON_USD_KG,2026-01-21,1.720622
COTTON_USD_KG,2026-01-22,1.735377
COTTON_USD_KG,2026-01-23,1.718842
COTTON_USD_KG,2026-01-24,1.707969
COTTON_USD_KG,2026-01-25,1.709720
COTTON_USD_KG,2026-01-26,1.694228
COTTON_USD_KG,2026-01-27,1.712833
COTTON_USD_KG,2026-01-28,1.725509
COTTON_USD_KG,2026-01-29,1.718534
COTTON_USD_KG,2026-01-30,1.741124
COTTON_USD_KG,2026-01-31,1.737002
COTTON_USD_KG,2026-02-01,1.727558
COTTON_USD_KG,2026-02-02,1.712095
COTTON_USD_KG,2026-02-03,1.676731
COTTON_USD_KG,2026-02-04,1.668361
COTTON_USD_KG,2026-02-05,1.654715
COTTON_USD_KG,2026-02-06,1.685023
COTTON_USD_KG,2026-02-07,1.669093
COTTON_USD_KG,2026-02-08,1.690747
COTTON_USD_KG,2026-02-09,1.684440
COTTON_USD_KG,2026-02-10,1.699020
COTTON_USD_KG,2026-02-11,1.698541
COTTON_USD_KG,2026-02-12,1.699227
COTTON_USD_KG,2026-02-13,1.677946
COTTON_USD_KG,2026-02-14,1.656789
COTTON_USD_KG,2026-02-15,1.653223
COTTON_USD_KG,2026-02-16,1.641336
COTTON_USD_KG,2026-02-17,1.645541
COTTON_USD_KG,2026-02-18,1.666911
COTTON_USD_KG,2026-02-19,1.663949
COTTON_USD_KG,2026-02-20,1.680865
COTTON_USD_KG,2026-02-21,1.666722
COTTON_USD_KG,2026-02-22,1.678895
COTTON_USD_KG,2026-02-23,1.659596
COTTON_USD_KG,2026-02-24,1.661492
COTTON_USD_KG,2026-02-25,1.674743
COTTON_USD_KG,2026-02-26,1.638590
COTTON_USD_KG,2026-02-27,1.652745
COTTON_USD_KG,2026-02-28,1.668692
COTTON_USD_KG,2026-03-01,1.666124
COTTON_USD_KG,2026-03-02,1.655066
COTTON_USD_KG,2026-03-03,1.661700
COTTON_USD_KG,2026-03-04,1.646519
COTTON_USD_KG,2026-03-05,1.654265
COTTON_USD_KG,2026-03-06,1.640696
COTTON_USD_KG,2026-03-07,1.639278
COTTON_USD_KG,2026-03-08,1.620294
COTTON_USD_KG,2026-03-09,1.629069
COTTON_USD_KG,2026-03-10,1.621557
COTTON_USD_KG,2026-03-11,1.630112
COTTON_USD_KG,2026-03-12,1.588748
COTTON_USD_KG,2026-03-13,1.565353
COTTON_USD_KG,2026-03-14,1.587185
COTTON_USD_KG,2026-03-15,1.583074
COTTON_USD_KG,2026-03-16,1.559863
COTTON_USD_KG,2026-03-17,1.539203
COTTON_USD_KG,2026-03-18,1.562831
COTTON_USD_KG,2026-03-19,1.574378
COTTON_USD_KG,2026-03-20,1.561346
COTTON_USD_KG,2026-03-21,1.564840
COTTON_USD_KG,2026-03-22,1.568709
COTTON_USD_KG,2026-03-23,1.579122
COTTON_USD_KG,2026-03-24,1.593990
COTTON_USD_KG,2026-03-25,1.568264
COTTON_USD_KG,2026-03-26,1.558114
COTTON_USD_KG,2026-03-27,1.547607
COTTON_USD_KG,2026-03-28,1.561136
COTTON_USD_KG,2026-03-29,1.577010
COTTON_USD_KG,2026-03-30,1.573121
COTTON_USD_KG,2026-03-31,1.578780
COTTON_USD_KG,2026-04-01,1.588081
COTTON_USD_KG,2026-04-02,1.611373
COTTON_USD_KG,2026-04-03,1.618716
COTTON_USD_KG,2026-04-04,1.622616
COTTON_USD_KG,2026-04-05,1.635604
COTTON_USD_KG,2026-04-06,1.654544
COTTON_USD_KG,2026-04-07,1.673331
COTTON_USD_KG,2026-04-08,1.648175
COTTON_USD_KG,2026-04-09,1.651832
COTTON_USD_KG,2026-04-10,1.661710
COTTON_USD_KG,2026-04-11,1.670807
COTTON_USD_KG,2026-04-12,1.675676
COTTON_USD_KG,2026-04-13,1.685886
COTTON_USD_KG,2026-04-14,1.679847
COTTON_USD_KG,2026-04-15,1.677635
COTTON_USD_KG,2026-04-16,1.681021
COTTON_USD_KG,2026-04-17,1.680854
COTTON_USD_KG,2026-04-18,1.671744
COTTON_USD_KG,2026-04-19,1.648833
COTTON_USD_KG,2026-04-20,1.632357
COTTON_USD_KG,2026-04-21,1.598708
COTTON_USD_KG,2026-04-22,1.598626
COTTON_USD_KG,2026-04-23,1.595022
COTTON_USD_KG,2026-04-24,1.585590
COTTON_USD_KG,2026-04-25,1.583956
COTTON_USD_KG,2026-04-26,1.568733
COTTON_USD_KG,2026-04-27,1.557119
COTTON_USD_KG,2026-04-28,1.576263
COTTON_USD_KG,2026-04-29,1.587230
COTTON_USD_KG,2026-04-30,1.589101
COTTON_USD_KG,2026-05-01,1.580886
COTTON_USD_KG,2026-05-02,1.570847
COTTON_USD_KG,2026-05-03,1.586115
COTTON_USD_KG,2026-05-04,1.592558
COTTON_USD_KG,2026-05-05,1.595841
COTTON_USD_KG,2026-05-06,1.599549
COTTON_USD_KG,2026-05-07,1.619356
COTTON_USD_KG,2026-05-08,1.623808
COTTON_USD_KG,2026-05-09,1.633807
COTTON_USD_KG,2026-05-10,1.635051
COTTON_USD_KG,2026-05-11,1.604846
COTTON_USD_KG,2026-05-12,1.590252
COTTON_USD_KG,2026-05-13,1.577483
COTTON_USD_KG,2026-05-14,1.578800
COTTON_USD_KG,2026-05-15,1.583973
COTTON_USD_KG,2026-05-16,1.591941
COTTON_USD_KG,2026-05-17,1.584511
COTTON_USD_KG,2026-05-18,1.593379
COTTON_USD_KG,2026-05-19,1.615050
COTTON_USD_KG,2026-05-20,1.636313
COTTON_USD_KG,2026-05-21,1.633264
COTTON_USD_KG,2026-05-22,1.617817
COTTON_USD_KG,2026-05-23,1.611130
COTTON_USD_KG,2026-05-24,1.613952
COTTON_USD_KG,2026-05-25,1.603994
COTTON_USD_KG,2026-05-26,1.601981
COTTON_USD_KG,2026-05-27,1.602271
COTTON_USD_KG,2026-05-28,1.599021
COTTON_USD_KG,2026-05-29,1.623226
COTTON_USD_KG,2026-05-30,1.616196
COTTON_USD_KG,2026-05-31,1.619262
COTTON_USD_KG,2026-06-01,1.610543
COTTON_USD_KG,2026-06-02,1.635782
COTTON_USD_KG,2026-06-03,1.641624
COTTON_USD_KG,2026-06-04,1.647600
COTTON_USD_KG,2026-06-05,1.654824
COTTON_USD_KG,2026-06-06,1.645777
COTTON_USD_KG,2026-06-07,1.665187
COTTON_USD_KG,2026-06-08,1.640003
COTTON_USD_KG,2026-06-09,1.653257
COTTON_USD_KG,2026-06-10,1.617509
COTTON_USD_KG,2026-06-11,1.595928
COTTON_USD_KG,2026-06-12,1.612349
COTTON_USD_KG,2026-06-13,1.621702
COTTON_USD_KG,2026-06-14,1.607184
COTTON_USD_KG,2026-06-15,1.611002
COTTON_USD_KG,2026-06-16,1.606370
COTTON_USD_KG,2026-06-17,1.591834
COTTON_USD_KG,2026-06-18,1.613265
COTTON_USD_KG,2026-06-19,1.643675
COTTON_USD_KG,2026-06-20,1.653368
COTTON_USD_KG,2026-06-21,1.649496
COTTON_USD_KG,2026-06-22,1.651164
COTTON_USD_KG,2026-06-23,1.640344
COTTON_USD_KG,2026-06-24,1.666860
COTTON_USD_KG,2026-06-25,1.691871
COTTON_USD_KG,2026-06-26,1.696323
COTTON_USD_KG,2026-06-27,1.704026
COTTON_USD_KG,2026-06-28,1.701338
COTTON_USD_KG,2026-06-29,1.700180
COTTON_USD_KG,2026-06-30,1.717634
DREWRY_WCI_USD_FEU,2024-08-01,3138.320337
DREWRY_WCI_USD_FEU,2024-08-02,3147.802582
DREWRY_WCI_USD_FEU,2024-08-03,3139.546259
DREWRY_WCI_USD_FEU,2024-08-04,3140.595894
DREWRY_WCI_USD_FEU,2024-08-05,3111.164883
DREWRY_WCI_USD_FEU,2024-08-06,3130.584610
DREWRY_WCI_USD_FEU,2024-08-07,3135.007249
DREWRY_WCI_USD_FEU,2024-08-08,3186.086353
DREWRY_WCI_USD_FEU,2024-08-09,3249.622646
DREWRY_WCI_USD_FEU,2024-08-10,3261.111820
DREWRY_WCI_USD_FEU,2024-08-11,3247.600604
DREWRY_WCI_USD_FEU,2024-08-12,3209.423496
DREWRY_WCI_USD_FEU,2024-08-13,3186.852655
DREWRY_WCI_USD_FEU,2024-08-14,3105.368794
DREWRY_WCI_USD_FEU,2024-08-15,3085.642462
DREWRY_WCI_USD_FEU,2024-08-16,3138.009120
DREWRY_WCI_USD_FEU,2024-08-17,3082.070014
DREWRY_WCI_USD_FEU,2024-08-18,3123.797668
DREWRY_WCI_USD_FEU,2024-08-19,3149.707256
DREWRY_WCI_USD_FEU,2024-08-20,3148.257752
DREWRY_WCI_USD_FEU,2024-08-21,3183.893784
DREWRY_WCI_USD_FEU,2024-08-22,3133.652266
DREWRY_WCI_USD_FEU,2024-08-23,3162.100255
DREWRY_WCI_USD_FEU,2024-08-24,3082.817516
DREWRY_WCI_USD_FEU,2024-08-25,3024.131753
DREWRY_WCI_USD_FEU,2024-08-26,2978.152590
DREWRY_WCI_USD_FEU,2024-08-27,2964.690046
DREWRY_WCI_USD_FEU,2024-08-28,3000.167332
DREWRY_WCI_USD_FEU,2024-08-29,2900.581168
DREWRY_WCI_USD_FEU,2024-08-30,2958.253749
DREWRY_WCI_USD_FEU,2024-08-31,3060.007943
DREWRY_WCI_USD_FEU,2024-09-01,3097.834163
DREWRY_WCI_USD_FEU,2024-09-02,3178.825565
DREWRY_WCI_USD_FEU,2024-09-03,3107.915662
DREWRY_WCI_USD_FEU,2024-09-04,3102.234402
DREWRY_WCI_USD_FEU,2024-09-05,3211.317564
DREWRY_WCI_USD_FEU,2024-09-06,3202.847792
DREWRY_WCI_USD_FEU,2024-09-07,3248.629209
DREWRY_WCI_USD_FEU,2024-09-08,3170.860218
DREWRY_WCI_USD_FEU,2024-09-09,3174.579647
DREWRY_WCI_USD_FEU,2024-09-10,3210.674727
DREWRY_WCI_USD_FEU,2024-09-11,3135.415372
DREWRY_WCI_USD_FEU,2024-09-12,3149.965014
DREWRY_WCI_USD_FEU,2024-09-13,3162.513830
DREWRY_WCI_USD_FEU,2024-09-14,3237.775763
DREWRY_WCI_USD_FEU,2024-09-15,3165.781248
DREWRY_WCI_USD_FEU,2024-09-16,3199.756890
DREWRY_WCI_USD_FEU,2024-09-17,3263.187839
DREWRY_WCI_USD_FEU,2024-09-18,3280.351775
DREWRY_WCI_USD_FEU,2024-09-19,3316.972316
DREWRY_WCI_USD_FEU,2024-09-20,3266.725045
DREWRY_WCI_USD_FEU,2024-09-21,3186.837904
DREWRY_WCI_USD_FEU,2024-09-22,3166.617510
DREWRY_WCI_USD_FEU,2024-09-23,3098.097435
DREWRY_WCI_USD_FEU,2024-09-24,3117.859149
DREWRY_WCI_USD_FEU,2024-09-25,3115.726415
DREWRY_WCI_USD_FEU,2024-09-26,3054.480096
DREWRY_WCI_USD_FEU,2024-09-27,3125.028486
DREWRY_WCI_USD_FEU,2024-09-28,3092.116275
DREWRY_WCI_USD_FEU,2024-09-29,3051.471194
DREWRY_WCI_USD_FEU,2024-09-30,3057.233461
DREWRY_WCI_USD_FEU,2024-10-01,3038.116139
DREWRY_WCI_USD_FEU,2024-10-02,3052.661518
DREWRY_WCI_USD_FEU,2024-10-03,3028.834801
DREWRY_WCI_USD_FEU,2024-10-04,3018.746863
DREWRY_WCI_USD_FEU,2024-10-05,3031.750584
DREWRY_WCI_USD_FEU,2024-10-06,3069.778389
DREWRY_WCI_USD_FEU,2024-10-07,3066.512016
DREWRY_WCI_USD_FEU,2024-10-08,3083.290223
DREWRY_WCI_USD_FEU,2024-10-09,3145.340150
DREWRY_WCI_USD_FEU,2024-10-10,3164.327095
DREWRY_WCI_USD_FEU,2024-10-11,3146.237263
DREWRY_WCI_USD_FEU,2024-10-12,3133.952668
DREWRY_WCI_USD_FEU,2024-10-13,3127.551533
DREWRY_WCI_USD_FEU,2024-10-14,3136.123329
DREWRY_WCI_USD_FEU,2024-10-15,3139.663965
DREWRY_WCI_USD_FEU,2024-10-16,3111.361422
DREWRY_WCI_USD_FEU,2024-10-17,3160.307525
DREWRY_WCI_USD_FEU,2024-10-18,3161.814869
DREWRY_WCI_USD_FEU,2024-10-19,3226.199496
DREWRY_WCI_USD_FEU,2024-10-20,3273.169963
DREWRY_WCI_USD_FEU,2024-10-21,3284.537966
DREWRY_WCI_USD_FEU,2024-10-22,3286.693131
DREWRY_WCI_USD_FEU,2024-10-23,3304.321904
DREWRY_WCI_USD_FEU,2024-10-24,3297.799495
DREWRY_WCI_USD_FEU,2024-10-25,3342.723275
DREWRY_WCI_USD_FEU,2024-10-26,3278.852277
DREWRY_WCI_USD_FEU,2024-10-27,3236.402182
DREWRY_WCI_USD_FEU,2024-10-28,3203.965053
DREWRY_WCI_USD_FEU,2024-10-29,3166.598379
DREWRY_WCI_USD_FEU,2024-10-30,3212.576710
DREWRY_WCI_USD_FEU,2024-10-31,3184.075908
DREWRY_WCI_USD_FEU,2024-11-01,3195.544589
DREWRY_WCI_USD_FEU,2024-11-02,3205.193319
DREWRY_WCI_USD_FEU,2024-11-03,3203.398502
DREWRY_WCI_USD_FEU,2024-11-04,3216.996521
DREWRY_WCI_USD_FEU,2024-11-05,3330.497796
DREWRY_WCI_USD_FEU,2024-11-06,3350.036217
DREWRY_WCI_USD_FEU,2024-11-07,3353.700280
DREWRY_WCI_USD_FEU,2024-11-08,3328.012256
DREWRY_WCI_USD_FEU,2024-11-09,3338.658896
DREWRY_WCI_USD_FEU,2024-11-10,3310.464518
DREWRY_WCI_USD_FEU,2024-11-11,3257.703161
DREWRY_WCI_USD_FEU,2024-11-12,3173.282405
DREWRY_WCI_USD_FEU,2024-11-13,3242.076550
DREWRY_WCI_USD_FEU,2024-11-14,3243.848576
DREWRY_WCI_USD_FEU,2024-11-15,3288.116453
DREWRY_WCI_USD_FEU,2024-11-16,3229.645143
DREWRY_WCI_USD_FEU,2024-11-17,3248.020975
DREWRY_WCI_USD_FEU,2024-11-18,3227.925979
DREWRY_WCI_USD_FEU,2024-11-19,3156.355815
DREWRY_WCI_USD_FEU,2024-11-20,3149.281076
DREWRY_WCI_USD_FEU,2024-11-21,3174.548508
DREWRY_WCI_USD_FEU,2024-11-22,3155.199016
DREWRY_WCI_USD_FEU,2024-11-23,3116.759772
DREWRY_WCI_USD_FEU,2024-11-24,3151.664687
DREWRY_WCI_USD_FEU,2024-11-25,3167.005722
DREWRY_WCI_USD_FEU,2024-11-26,3206.592961
DREWRY_WCI_USD_FEU,2024-11-27,3144.905841
DREWRY_WCI_USD_FEU,2024-11-28,3128.605975
DREWRY_WCI_USD_FEU,2024-11-29,3130.847485
DREWRY_WCI_USD_FEU,2024-11-30,3079.928013
DREWRY_WCI_USD_FEU,2024-12-01,3052.698151
DREWRY_WCI_USD_FEU,2024-12-02,3051.549875
DREWRY_WCI_USD_FEU,2024-12-03,3089.225554
DREWRY_WCI_USD_FEU,2024-12-04,3081.192257
DREWRY_WCI_USD_FEU,2024-12-05,3121.969460
DREWRY_WCI_USD_FEU,2024-12-06,3158.906475
DREWRY_WCI_USD_FEU,2024-12-07,3189.597849
DREWRY_WCI_USD_FEU,2024-12-08,3123.131438
DREWRY_WCI_USD_FEU,2024-12-09,3180.330418
DREWRY_WCI_USD_FEU,2024-12-10,3218.557082
DREWRY_WCI_USD_FEU,2024-12-11,3193.950793
DREWRY_WCI_USD_FEU,2024-12-12,3188.774024
DREWRY_WCI_USD_FEU,2024-12-13,3152.359924
DREWRY_WCI_USD_FEU,2024-12-14,3169.655446
DREWRY_WCI_USD_FEU,2024-12-15,3086.149325
DREWRY_WCI_USD_FEU,2024-12-16,3050.832373
DREWRY_WCI_USD_FEU,2024-12-17,3066.508487
DREWRY_WCI_USD_FEU,2024-12-18,3076.634337
DREWRY_WCI_USD_FEU,2024-12-19,3088.891974
DREWRY_WCI_USD_FEU,2024-12-20,3110.705600
DREWRY_WCI_USD_FEU,2024-12-21,3106.593935
DREWRY_WCI_USD_FEU,2024-12-22,3072.067681
DREWRY_WCI_USD_FEU,2024-12-23,3075.414800
DREWRY_WCI_USD_FEU,2024-12-24,3037.473781
DREWRY_WCI_USD_FEU,2024-12-25,3009.745700
DREWRY_WCI_USD_FEU,2024-12-26,3000.059469
DREWRY_WCI_USD_FEU,2024-12-27,3022.607937
DREWRY_WCI_USD_FEU,2024-12-28,3019.378197
DREWRY_WCI_USD_FEU,2024-12-29,2956.435036
DREWRY_WCI_USD_FEU,2024-12-30,2871.809773
DREWRY_WCI_USD_FEU,2024-12-31,2946.509150
DREWRY_WCI_USD_FEU,2025-01-01,2955.664191
DREWRY_WCI_USD_FEU,2025-01-02,2923.170614
DREWRY_WCI_USD_FEU,2025-01-03,2999.905371
DREWRY_WCI_USD_FEU,2025-01-04,3022.550727
DREWRY_WCI_USD_FEU,2025-01-05,3114.251787
DREWRY_WCI_USD_FEU,2025-01-06,3142.150296
DREWRY_WCI_USD_FEU,2025-01-07,3184.742791
DREWRY_WCI_USD_FEU,2025-01-08,3148.443393
DREWRY_WCI_USD_FEU,2025-01-09,3128.783414
DREWRY_WCI_USD_FEU,2025-01-10,3021.345294
DREWRY_WCI_USD_FEU,2025-01-11,3003.398074
DREWRY_WCI_USD_FEU,2025-01-12,3014.159479
DREWRY_WCI_USD_FEU,2025-01-13,3011.389624
DREWRY_WCI_USD_FEU,2025-01-14,3073.717825
DREWRY_WCI_USD_FEU,2025-01-15,3157.957957
DREWRY_WCI_USD_FEU,2025-01-16,3124.761985
DREWRY_WCI_USD_FEU,2025-01-17,3040.900528
DREWRY_WCI_USD_FEU,2025-01-18,3016.817127
DREWRY_WCI_USD_FEU,2025-01-19,3094.479525
DREWRY_WCI_USD_FEU,2025-01-20,3136.131787
DREWRY_WCI_USD_FEU,2025-01-21,3112.395292
DREWRY_WCI_USD_FEU,2025-01-22,3034.662734
DREWRY_WCI_USD_FEU,2025-01-23,3043.361073
DREWRY_WCI_USD_FEU,2025-01-24,3117.252255
DREWRY_WCI_USD_FEU,2025-01-25,3029.697633
DREWRY_WCI_USD_FEU,2025-01-26,3109.285526
DREWRY_WCI_USD_FEU,2025-01-27,3163.342340
DREWRY_WCI_USD_FEU,2025-01-28,3045.586714
DREWRY_WCI_USD_FEU,2025-01-29,3052.559104
DREWRY_WCI_USD_FEU,2025-01-30,2993.583093
DREWRY_WCI_USD_FEU,2025-01-31,3030.972822
DREWRY_WCI_USD_FEU,2025-02-01,2995.702250
DREWRY_WCI_USD_FEU,2025-02-02,2899.386042
DREWRY_WCI_USD_FEU,2025-02-03,2846.356546
DREWRY_WCI_USD_FEU,2025-02-04,2891.369176
DREWRY_WCI_USD_FEU,2025-02-05,2878.198259
DREWRY_WCI_USD_FEU,2025-02-06,2862.450853
DREWRY_WCI_USD_FEU,2025-02-07,2843.721264
DREWRY_WCI_USD_FEU,2025-02-08,2887.092827
DREWRY_WCI_USD_FEU,2025-02-09,2883.796060
DREWRY_WCI_USD_FEU,2025-02-10,2854.680996
DREWRY_WCI_USD_FEU,2025-02-11,2839.563433
DREWRY_WCI_USD_FEU,2025-02-12,2868.533499
DREWRY_WCI_USD_FEU,2025-02-13,2890.644682
DREWRY_WCI_USD_FEU,2025-02-14,2878.867431
DREWRY_WCI_USD_FEU,2025-02-15,2864.665680
DREWRY_WCI_USD_FEU,2025-02-16,2889.946496
DREWRY_WCI_USD_FEU,2025-02-17,2898.454404
DREWRY_WCI_USD_FEU,2025-02-18,2843.969307
DREWRY_WCI_USD_FEU,2025-02-19,2857.448743
DREWRY_WCI_USD_FEU,2025-02-20,2855.345345
DREWRY_WCI_USD_FEU,2025-02-21,2893.076459
DREWRY_WCI_USD_FEU,2025-02-22,2857.948265
DREWRY_WCI_USD_FEU,2025-02-23,2877.029726
DREWRY_WCI_USD_FEU,2025-02-24,2978.364333
DREWRY_WCI_USD_FEU,2025-02-25,2973.143095
DREWRY_WCI_USD_FEU,2025-02-26,2934.166050
DREWRY_WCI_USD_FEU,2025-02-27,2943.881075
DREWRY_WCI_USD_FEU,2025-02-28,2904.134003
DREWRY_WCI_USD_FEU,2025-03-01,2904.054973
DREWRY_WCI_USD_FEU,2025-03-02,2921.862912
DREWRY_WCI_USD_FEU,2025-03-03,3023.097280
DREWRY_WCI_USD_FEU,2025-03-04,3081.373869
DREWRY_WCI_USD_FEU,2025-03-05,3088.967959
DREWRY_WCI_USD_FEU,2025-03-06,3072.772510
DREWRY_WCI_USD_FEU,2025-03-07,3066.050491
DREWRY_WCI_USD_FEU,2025-03-08,3082.292427
DREWRY_WCI_USD_FEU,2025-03-09,3028.146451
DREWRY_WCI_USD_FEU,2025-03-10,3026.969491
DREWRY_WCI_USD_FEU,2025-03-11,3008.294944
DREWRY_WCI_USD_FEU,2025-03-12,3012.543938
DREWRY_WCI_USD_FEU,2025-03-13,3057.036873
DREWRY_WCI_USD_FEU,2025-03-14,3108.618085
DREWRY_WCI_USD_FEU,2025-03-15,3075.577465
DREWRY_WCI_USD_FEU,2025-03-16,3068.502145
DREWRY_WCI_USD_FEU,2025-03-17,3042.256992
DREWRY_WCI_USD_FEU,2025-03-18,3062.478888
DREWRY_WCI_USD_FEU,2025-03-19,3036.136182
DREWRY_WCI_USD_FEU,2025-03-20,3044.933265
DREWRY_WCI_USD_FEU,2025-03-21,3054.900644
DREWRY_WCI_USD_FEU,2025-03-22,3113.930261
DREWRY_WCI_USD_FEU,2025-03-23,3128.331128
DREWRY_WCI_USD_FEU,2025-03-24,3075.765040
DREWRY_WCI_USD_FEU,2025-03-25,3020.715438
DREWRY_WCI_USD_FEU,2025-03-26,3061.817348
DREWRY_WCI_USD_FEU,2025-03-27,3055.215432
DREWRY_WCI_USD_FEU,2025-03-28,3052.022125
DREWRY_WCI_USD_FEU,2025-03-29,2988.345735
DREWRY_WCI_USD_FEU,2025-03-30,2951.164586
DREWRY_WCI_USD_FEU,2025-03-31,3005.047082
DREWRY_WCI_USD_FEU,2025-04-01,3066.903960
DREWRY_WCI_USD_FEU,2025-04-02,3053.549563
DREWRY_WCI_USD_FEU,2025-04-03,3065.071958
DREWRY_WCI_USD_FEU,2025-04-04,3112.027079
DREWRY_WCI_USD_FEU,2025-04-05,3057.659580
DREWRY_WCI_USD_FEU,2025-04-06,3111.550018
DREWRY_WCI_USD_FEU,2025-04-07,3152.812095
DREWRY_WCI_USD_FEU,2025-04-08,3192.864122
DREWRY_WCI_USD_FEU,2025-04-09,3202.698377
DREWRY_WCI_USD_FEU,2025-04-10,3202.825043
DREWRY_WCI_USD_FEU,2025-04-11,3286.181251
DREWRY_WCI_USD_FEU,2025-04-12,3246.697922
DREWRY_WCI_USD_FEU,2025-04-13,3238.292655
DREWRY_WCI_USD_FEU,2025-04-14,3220.877358
DREWRY_WCI_USD_FEU,2025-04-15,3146.175998
DREWRY_WCI_USD_FEU,2025-04-16,3152.140194
DREWRY_WCI_USD_FEU,2025-04-17,3130.593087
DREWRY_WCI_USD_FEU,2025-04-18,3107.983557
DREWRY_WCI_USD_FEU,2025-04-19,3072.105755
DREWRY_WCI_USD_FEU,2025-04-20,3111.297919
DREWRY_WCI_USD_FEU,2025-04-21,3077.451787
DREWRY_WCI_USD_FEU,2025-04-22,3079.218929
DREWRY_WCI_USD_FEU,2025-04-23,3097.488549
DREWRY_WCI_USD_FEU,2025-04-24,2983.820339
DREWRY_WCI_USD_FEU,2025-04-25,2942.974303
DREWRY_WCI_USD_FEU,2025-04-26,2991.858409
DREWRY_WCI_USD_FEU,2025-04-27,2966.936711
DREWRY_WCI_USD_FEU,2025-04-28,2909.172252
DREWRY_WCI_USD_FEU,2025-04-29,2882.651450
DREWRY_WCI_USD_FEU,2025-04-30,2917.921142
DREWRY_WCI_USD_FEU,2025-05-01,2947.462438
DREWRY_WCI_USD_FEU,2025-05-02,3077.944723
DREWRY_WCI_USD_FEU,2025-05-03,3041.531479
DREWRY_WCI_USD_FEU,2025-05-04,3038.165541
DREWRY_WCI_USD_FEU,2025-05-05,3074.986753
DREWRY_WCI_USD_FEU,2025-05-06,3015.275064
DREWRY_WCI_USD_FEU,2025-05-07,3046.379526
DREWRY_WCI_USD_FEU,2025-05-08,2998.709053
DREWRY_WCI_USD_FEU,2025-05-09,2999.887594
DREWRY_WCI_USD_FEU,2025-05-10,3000.892208
DREWRY_WCI_USD_FEU,2025-05-11,2972.695682
DREWRY_WCI_USD_FEU,2025-05-12,2929.545773
DREWRY_WCI_USD_FEU,2025-05-13,2989.390423
DREWRY_WCI_USD_FEU,2025-05-14,3022.808104
DREWRY_WCI_USD_FEU,2025-05-15,3048.736413
DREWRY_WCI_USD_FEU,2025-05-16,3091.516806
DREWRY_WCI_USD_FEU,2025-05-17,3094.068279
DREWRY_WCI_USD_FEU,2025-05-18,3121.563394
DREWRY_WCI_USD_FEU,2025-05-19,3195.876412
DREWRY_WCI_USD_FEU,2025-05-20,3119.114561
DREWRY_WCI_USD_FEU,2025-05-21,3151.489200
DREWRY_WCI_USD_FEU,2025-05-22,3195.781833
DREWRY_WCI_USD_FEU,2025-05-23,3157.576880
DREWRY_WCI_USD_FEU,2025-05-24,3092.890409
DREWRY_WCI_USD_FEU,2025-05-25,3041.559889
DREWRY_WCI_USD_FEU,2025-05-26,3003.184652
DREWRY_WCI_USD_FEU,2025-05-27,2992.363537
DREWRY_WCI_USD_FEU,2025-05-28,3007.165532
DREWRY_WCI_USD_FEU,2025-05-29,2976.134941
DREWRY_WCI_USD_FEU,2025-05-30,2995.999573
DREWRY_WCI_USD_FEU,2025-05-31,2987.719628
DREWRY_WCI_USD_FEU,2025-06-01,2996.007185
DREWRY_WCI_USD_FEU,2025-06-02,2986.843155
DREWRY_WCI_USD_FEU,2025-06-03,3025.886651
DREWRY_WCI_USD_FEU,2025-06-04,3043.100645
DREWRY_WCI_USD_FEU,2025-06-05,3025.732538
DREWRY_WCI_USD_FEU,2025-06-06,2972.048434
DREWRY_WCI_USD_FEU,2025-06-07,2920.303078
DREWRY_WCI_USD_FEU,2025-06-08,2900.982856
DREWRY_WCI_USD_FEU,2025-06-09,2847.339512
DREWRY_WCI_USD_FEU,2025-06-10,2891.211808
DREWRY_WCI_USD_FEU,2025-06-11,2981.531577
DREWRY_WCI_USD_FEU,2025-06-12,2998.182891
DREWRY_WCI_USD_FEU,2025-06-13,3006.542585
DREWRY_WCI_USD_FEU,2025-06-14,3031.111933
DREWRY_WCI_USD_FEU,2025-06-15,3101.391080
DREWRY_WCI_USD_FEU,2025-06-16,3182.166064
DREWRY_WCI_USD_FEU,2025-06-17,3176.897099
DREWRY_WCI_USD_FEU,2025-06-18,3150.259475
DREWRY_WCI_USD_FEU,2025-06-19,3196.733480
DREWRY_WCI_USD_FEU,2025-06-20,3235.460302
DREWRY_WCI_USD_FEU,2025-06-21,3179.247825
DREWRY_WCI_USD_FEU,2025-06-22,3185.837258
DREWRY_WCI_USD_FEU,2025-06-23,3120.484495
DREWRY_WCI_USD_FEU,2025-06-24,3162.909410
DREWRY_WCI_USD_FEU,2025-06-25,3193.231886
DREWRY_WCI_USD_FEU,2025-06-26,3140.371848
DREWRY_WCI_USD_FEU,2025-06-27,3094.270188
DREWRY_WCI_USD_FEU,2025-06-28,3106.336767
DREWRY_WCI_USD_FEU,2025-06-29,3158.828967
DREWRY_WCI_USD_FEU,2025-06-30,3201.145046
DREWRY_WCI_USD_FEU,2025-07-01,3192.103010
DREWRY_WCI_USD_FEU,2025-07-02,3168.173474
DREWRY_WCI_USD_FEU,2025-07-03,3189.496199
DREWRY_WCI_USD_FEU,2025-07-04,3250.160433
DREWRY_WCI_USD_FEU,2025-07-05,3305.420643
DREWRY_WCI_USD_FEU,2025-07-06,3324.186421
DREWRY_WCI_USD_FEU,2025-07-07,3305.728470
DREWRY_WCI_USD_FEU,2025-07-08,3305.522079
DREWRY_WCI_USD_FEU,2025-07-09,3255.294001
DREWRY_WCI_USD_FEU,2025-07-10,3205.341368
DREWRY_WCI_USD_FEU,2025-07-11,3289.607146
DREWRY_WCI_USD_FEU,2025-07-12,3355.002842
DREWRY_WCI_USD_FEU,2025-07-13,3400.584828
DREWRY_WCI_USD_FEU,2025-07-14,3387.218305
DREWRY_WCI_USD_FEU,2025-07-15,3375.224209
DREWRY_WCI_USD_FEU,2025-07-16,3365.744666
DREWRY_WCI_USD_FEU,2025-07-17,3411.547632
DREWRY_WCI_USD_FEU,2025-07-18,3446.929940
DREWRY_WCI_USD_FEU,2025-07-19,3443.919930
DREWRY_WCI_USD_FEU,2025-07-20,3420.494155
DREWRY_WCI_USD_FEU,2025-07-21,3452.802243
DREWRY_WCI_USD_FEU,2025-07-22,3482.637205
DREWRY_WCI_USD_FEU,2025-07-23,3540.962194
DREWRY_WCI_USD_FEU,2025-07-24,3548.238300
DREWRY_WCI_USD_FEU,2025-07-25,3497.934818
DREWRY_WCI_USD_FEU,2025-07-26,3547.994553
DREWRY_WCI_USD_FEU,2025-07-27,3593.810757
DREWRY_WCI_USD_FEU,2025-07-28,3629.391013
DREWRY_WCI_USD_FEU,2025-07-29,3686.974766
DREWRY_WCI_USD_FEU,2025-07-30,3679.689911
DREWRY_WCI_USD_FEU,2025-07-31,3640.755175
DREWRY_WCI_USD_FEU,2025-08-01,3692.197245
DREWRY_WCI_USD_FEU,2025-08-02,3733.860877
DREWRY_WCI_USD_FEU,2025-08-03,3660.729709
DREWRY_WCI_USD_FEU,2025-08-04,3652.192311
DREWRY_WCI_USD_FEU,2025-08-05,3643.185692
DREWRY_WCI_USD_FEU,2025-08-06,3635.749406
DREWRY_WCI_USD_FEU,2025-08-07,3588.862067
DREWRY_WCI_USD_FEU,2025-08-08,3636.156568
DREWRY_WCI_USD_FEU,2025-08-09,3605.687015
DREWRY_WCI_USD_FEU,2025-08-10,3547.157157
DREWRY_WCI_USD_FEU,2025-08-11,3519.422925
DREWRY_WCI_USD_FEU,2025-08-12,3523.026116
DREWRY_WCI_USD_FEU,2025-08-13,3529.414402
DREWRY_WCI_USD_FEU,2025-08-14,3605.190287
DREWRY_WCI_USD_FEU,2025-08-15,3646.236075
DREWRY_WCI_USD_FEU,2025-08-16,3734.591336
DREWRY_WCI_USD_FEU,2025-08-17,3763.411273
DREWRY_WCI_USD_FEU,2025-08-18,3756.256924
DREWRY_WCI_USD_FEU,2025-08-19,3784.618914
DREWRY_WCI_USD_FEU,2025-08-20,3732.929084
DREWRY_WCI_USD_FEU,2025-08-21,3755.467614
DREWRY_WCI_USD_FEU,2025-08-22,3723.675526
DREWRY_WCI_USD_FEU,2025-08-23,3712.895202
DREWRY_WCI_USD_FEU,2025-08-24,3704.370344
DREWRY_WCI_USD_FEU,2025-08-25,3713.008336
DREWRY_WCI_USD_FEU,2025-08-26,3653.271071
DREWRY_WCI_USD_FEU,2025-08-27,3660.546752
DREWRY_WCI_USD_FEU,2025-08-28,3713.636919
DREWRY_WCI_USD_FEU,2025-08-29,3697.549817
DREWRY_WCI_USD_FEU,2025-08-30,3654.628854
DREWRY_WCI_USD_FEU,2025-08-31,3593.077840
DREWRY_WCI_USD_FEU,2025-09-01,3528.531835
DREWRY_WCI_USD_FEU,2025-09-02,3488.330749
DREWRY_WCI_USD_FEU,2025-09-03,3443.615131
DREWRY_WCI_USD_FEU,2025-09-04,3423.127459
DREWRY_WCI_USD_FEU,2025-09-05,3468.272535
DREWRY_WCI_USD_FEU,2025-09-06,3447.889814
DREWRY_WCI_USD_FEU,2025-09-07,3405.103802
DREWRY_WCI_USD_FEU,2025-09-08,3483.028856
DREWRY_WCI_USD_FEU,2025-09-09,3432.657222
DREWRY_WCI_USD_FEU,2025-09-10,3405.272114
DREWRY_WCI_USD_FEU,2025-09-11,3423.492210
DREWRY_WCI_USD_FEU,2025-09-12,3414.582139
DREWRY_WCI_USD_FEU,2025-09-13,3412.007300
DREWRY_WCI_USD_FEU,2025-09-14,3449.225463
DREWRY_WCI_USD_FEU,2025-09-15,3324.804693
DREWRY_WCI_USD_FEU,2025-09-16,3291.871846
DREWRY_WCI_USD_FEU,2025-09-17,3370.523479
DREWRY_WCI_USD_FEU,2025-09-18,3325.873056
DREWRY_WCI_USD_FEU,2025-09-19,3343.977595
DREWRY_WCI_USD_FEU,2025-09-20,3337.092152
DREWRY_WCI_USD_FEU,2025-09-21,3368.565838
DREWRY_WCI_USD_FEU,2025-09-22,3366.250871
DREWRY_WCI_USD_FEU,2025-09-23,3391.530995
DREWRY_WCI_USD_FEU,2025-09-24,3488.223940
DREWRY_WCI_USD_FEU,2025-09-25,3477.193973
DREWRY_WCI_USD_FEU,2025-09-26,3465.277687
DREWRY_WCI_USD_FEU,2025-09-27,3370.202077
DREWRY_WCI_USD_FEU,2025-09-28,3307.650299
DREWRY_WCI_USD_FEU,2025-09-29,3312.663967
DREWRY_WCI_USD_FEU,2025-09-30,3267.339901
DREWRY_WCI_USD_FEU,2025-10-01,3355.676555
DREWRY_WCI_USD_FEU,2025-10-02,3366.227748
DREWRY_WCI_USD_FEU,2025-10-03,3254.423142
DREWRY_WCI_USD_FEU,2025-10-04,3274.046487
DREWRY_WCI_USD_FEU,2025-10-05,3220.334844
DREWRY_WCI_USD_FEU,2025-10-06,3215.468688
DREWRY_WCI_USD_FEU,2025-10-07,3172.117698
DREWRY_WCI_USD_FEU,2025-10-08,3204.204008
DREWRY_WCI_USD_FEU,2025-10-09,3233.166525
DREWRY_WCI_USD_FEU,2025-10-10,3222.495043
DREWRY_WCI_USD_FEU,2025-10-11,3312.354187
DREWRY_WCI_USD_FEU,2025-10-12,3289.354845
DREWRY_WCI_USD_FEU,2025-10-13,3357.117868
DREWRY_WCI_USD_FEU,2025-10-14,3309.772817
DREWRY_WCI_USD_FEU,2025-10-15,3328.632989
DREWRY_WCI_USD_FEU,2025-10-16,3456.270805
DREWRY_WCI_USD_FEU,2025-10-17,3423.004630
DREWRY_WCI_USD_FEU,2025-10-18,3440.525788
DREWRY_WCI_USD_FEU,2025-10-19,3344.269599
DREWRY_WCI_USD_FEU,2025-10-20,3271.791458
DREWRY_WCI_USD_FEU,2025-10-21,3262.110368
DREWRY_WCI_USD_FEU,2025-10-22,3325.420141
DREWRY_WCI_USD_FEU,2025-10-23,3317.284535
DREWRY_WCI_USD_FEU,2025-10-24,3338.670085
DREWRY_WCI_USD_FEU,2025-10-25,3322.556413
DREWRY_WCI_USD_FEU,2025-10-26,3291.420870
DREWRY_WCI_USD_FEU,2025-10-27,3175.751768
DREWRY_WCI_USD_FEU,2025-10-28,3245.847868
DREWRY_WCI_USD_FEU,2025-10-29,3265.765133
DREWRY_WCI_USD_FEU,2025-10-30,3269.667992
DREWRY_WCI_USD_FEU,2025-10-31,3282.641564
DREWRY_WCI_USD_FEU,2025-11-01,3240.597001
DREWRY_WCI_USD_FEU,2025-11-02,3281.409765
DREWRY_WCI_USD_FEU,2025-11-03,3271.236542
DREWRY_WCI_USD_FEU,2025-11-04,3253.217916
DREWRY_WCI_USD_FEU,2025-11-05,3227.012497
DREWRY_WCI_USD_FEU,2025-11-06,3249.027350
DREWRY_WCI_USD_FEU,2025-11-07,3182.150718
DREWRY_WCI_USD_FEU,2025-11-08,3121.759385
DREWRY_WCI_USD_FEU,2025-11-09,3134.938057
DREWRY_WCI_USD_FEU,2025-11-10,3173.727118
DREWRY_WCI_USD_FEU,2025-11-11,3082.159331
DREWRY_WCI_USD_FEU,2025-11-12,3005.080404
DREWRY_WCI_USD_FEU,2025-11-13,3121.664901
DREWRY_WCI_USD_FEU,2025-11-14,3160.374432
DREWRY_WCI_USD_FEU,2025-11-15,3277.902108
DREWRY_WCI_USD_FEU,2025-11-16,3209.146425
DREWRY_WCI_USD_FEU,2025-11-17,3196.864276
DREWRY_WCI_USD_FEU,2025-11-18,3227.973569
DREWRY_WCI_USD_FEU,2025-11-19,3145.044329
DREWRY_WCI_USD_FEU,2025-11-20,3131.915726
DREWRY_WCI_USD_FEU,2025-11-21,3242.484942
DREWRY_WCI_USD_FEU,2025-11-22,3270.499559
DREWRY_WCI_USD_FEU,2025-11-23,3219.911771
DREWRY_WCI_USD_FEU,2025-11-24,3262.696441
DREWRY_WCI_USD_FEU,2025-11-25,3122.718981
DREWRY_WCI_USD_FEU,2025-11-26,3157.774673
DREWRY_WCI_USD_FEU,2025-11-27,3124.679363
DREWRY_WCI_USD_FEU,2025-11-28,3217.131920
DREWRY_WCI_USD_FEU,2025-11-29,3190.416219
DREWRY_WCI_USD_FEU,2025-11-30,3141.410223
DREWRY_WCI_USD_FEU,2025-12-01,3186.298646
DREWRY_WCI_USD_FEU,2025-12-02,3219.258548
DREWRY_WCI_USD_FEU,2025-12-03,3206.682182
DREWRY_WCI_USD_FEU,2025-12-04,3227.308558
DREWRY_WCI_USD_FEU,2025-12-05,3282.236586
DREWRY_WCI_USD_FEU,2025-12-06,3269.805772
DREWRY_WCI_USD_FEU,2025-12-07,3277.925740
DREWRY_WCI_USD_FEU,2025-12-08,3361.762015
DREWRY_WCI_USD_FEU,2025-12-09,3387.031813
DREWRY_WCI_USD_FEU,2025-12-10,3276.757423
DREWRY_WCI_USD_FEU,2025-12-11,3330.145320
DREWRY_WCI_USD_FEU,2025-12-12,3250.386606
DREWRY_WCI_USD_FEU,2025-12-13,3256.216500
DREWRY_WCI_USD_FEU,2025-12-14,3266.128164
DREWRY_WCI_USD_FEU,2025-12-15,3300.824269
DREWRY_WCI_USD_FEU,2025-12-16,3370.726074
DREWRY_WCI_USD_FEU,2025-12-17,3384.022085
DREWRY_WCI_USD_FEU,2025-12-18,3323.562163
DREWRY_WCI_USD_FEU,2025-12-19,3410.076844
DREWRY_WCI_USD_FEU,2025-12-20,3379.348004
DREWRY_WCI_USD_FEU,2025-12-21,3258.044101
DREWRY_WCI_USD_FEU,2025-12-22,3282.681700
DREWRY_WCI_USD_FEU,2025-12-23,3324.271897
DREWRY_WCI_USD_FEU,2025-12-24,3315.436729
DREWRY_WCI_USD_FEU,2025-12-25,3290.613577
DREWRY_WCI_USD_FEU,2025-12-26,3336.783451
DREWRY_WCI_USD_FEU,2025-12-27,3351.435717
DREWRY_WCI_USD_FEU,2025-12-28,3324.943521
DREWRY_WCI_USD_FEU,2025-12-29,3310.133817
DREWRY_WCI_USD_FEU,2025-12-30,3306.229757
DREWRY_WCI_USD_FEU,2025-12-31,3279.452464
DREWRY_WCI_USD_FEU,2026-01-01,3309.502051
DREWRY_WCI_USD_FEU,2026-01-02,3259.369984
DREWRY_WCI_USD_FEU,2026-01-03,3344.170538
DREWRY_WCI_USD_FEU,2026-01-04,3349.080032
DREWRY_WCI_USD_FEU,2026-01-05,3339.406876
DREWRY_WCI_USD_FEU,2026-01-06,3430.880295
DREWRY_WCI_USD_FEU,2026-01-07,3328.651702
DREWRY_WCI_USD_FEU,2026-01-08,3460.646360
DREWRY_WCI_USD_FEU,2026-01-09,3391.139993
DREWRY_WCI_USD_FEU,2026-01-10,3409.332378
DREWRY_WCI_USD_FEU,2026-01-11,3398.136579
DREWRY_WCI_USD_FEU,2026-01-12,3490.630579
DREWRY_WCI_USD_FEU,2026-01-13,3481.717684
DREWRY_WCI_USD_FEU,2026-01-14,3443.572130
DREWRY_WCI_USD_FEU,2026-01-15,3545.812999
DREWRY_WCI_USD_FEU,2026-01-16,3561.768338
DREWRY_WCI_USD_FEU,2026-01-17,3479.224492
DREWRY_WCI_USD_FEU,2026-01-18,3449.870550
DREWRY_WCI_USD_FEU,2026-01-19,3351.607840
DREWRY_WCI_USD_FEU,2026-01-20,3394.046394
DREWRY_WCI_USD_FEU,2026-01-21,3423.945752
DREWRY_WCI_USD_FEU,2026-01-22,3438.545053
DREWRY_WCI_USD_FEU,2026-01-23,3452.906738
DREWRY_WCI_USD_FEU,2026-01-24,3498.756787
DREWRY_WCI_USD_FEU,2026-01-25,3564.791794
DREWRY_WCI_USD_FEU,2026-01-26,3555.727798
DREWRY_WCI_USD_FEU,2026-01-27,3485.397089
DREWRY_WCI_USD_FEU,2026-01-28,3462.074898
DREWRY_WCI_USD_FEU,2026-01-29,3479.728416
DREWRY_WCI_USD_FEU,2026-01-30,3453.950944
DREWRY_WCI_USD_FEU,2026-01-31,3517.474073
DREWRY_WCI_USD_FEU,2026-02-01,3513.452494
DREWRY_WCI_USD_FEU,2026-02-02,3503.474062
DREWRY_WCI_USD_FEU,2026-02-03,3581.815020
DREWRY_WCI_USD_FEU,2026-02-04,3595.237422
DREWRY_WCI_USD_FEU,2026-02-05,3600.036237
DREWRY_WCI_USD_FEU,2026-02-06,3520.056761
DREWRY_WCI_USD_FEU,2026-02-07,3451.283164
DREWRY_WCI_USD_FEU,2026-02-08,3408.660019
DREWRY_WCI_USD_FEU,2026-02-09,3372.165155
DREWRY_WCI_USD_FEU,2026-02-10,3360.284236
DREWRY_WCI_USD_FEU,2026-02-11,3360.233085
DREWRY_WCI_USD_FEU,2026-02-12,3381.192369
DREWRY_WCI_USD_FEU,2026-02-13,3367.961950
DREWRY_WCI_USD_FEU,2026-02-14,3318.307647
DREWRY_WCI_USD_FEU,2026-02-15,3315.813912
DREWRY_WCI_USD_FEU,2026-02-16,3358.939944
DREWRY_WCI_USD_FEU,2026-02-17,3483.202130
DREWRY_WCI_USD_FEU,2026-02-18,3549.023503
DREWRY_WCI_USD_FEU,2026-02-19,3474.858246
DREWRY_WCI_USD_FEU,2026-02-20,3466.962324
DREWRY_WCI_USD_FEU,2026-02-21,3397.787999
DREWRY_WCI_USD_FEU,2026-02-22,3517.580196
DREWRY_WCI_USD_FEU,2026-02-23,3512.191289
DREWRY_WCI_USD_FEU,2026-02-24,3452.991843
DREWRY_WCI_USD_FEU,2026-02-25,3455.026182
DREWRY_WCI_USD_FEU,2026-02-26,3391.044263
DREWRY_WCI_USD_FEU,2026-02-27,3428.471625
DREWRY_WCI_USD_FEU,2026-02-28,3411.374178
DREWRY_WCI_USD_FEU,2026-03-01,3339.222593
DREWRY_WCI_USD_FEU,2026-03-02,3304.773375
DREWRY_WCI_USD_FEU,2026-03-03,3226.782073
DREWRY_WCI_USD_FEU,2026-03-04,3269.941768
DREWRY_WCI_USD_FEU,2026-03-05,3334.568676
DREWRY_WCI_USD_FEU,2026-03-06,3297.156357
DREWRY_WCI_USD_FEU,2026-03-07,3254.984481
DREWRY_WCI_USD_FEU,2026-03-08,3204.371656
DREWRY_WCI_USD_FEU,2026-03-09,3108.224506
DREWRY_WCI_USD_FEU,2026-03-10,3122.046373
DREWRY_WCI_USD_FEU,2026-03-11,3134.572479
DREWRY_WCI_USD_FEU,2026-03-12,3102.754114
DREWRY_WCI_USD_FEU,2026-03-13,3071.295030
DREWRY_WCI_USD_FEU,2026-03-14,3135.523208
DREWRY_WCI_USD_FEU,2026-03-15,3111.196122
DREWRY_WCI_USD_FEU,2026-03-16,3083.315017
DREWRY_WCI_USD_FEU,2026-03-17,3099.586422
DREWRY_WCI_USD_FEU,2026-03-18,2976.407561
DREWRY_WCI_USD_FEU,2026-03-19,3077.346934
DREWRY_WCI_USD_FEU,2026-03-20,3029.260682
DREWRY_WCI_USD_FEU,2026-03-21,2950.619171
DREWRY_WCI_USD_FEU,2026-03-22,2890.379542
DREWRY_WCI_USD_FEU,2026-03-23,2834.834284
DREWRY_WCI_USD_FEU,2026-03-24,2814.138835
DREWRY_WCI_USD_FEU,2026-03-25,2819.360237
DREWRY_WCI_USD_FEU,2026-03-26,2834.189832
DREWRY_WCI_USD_FEU,2026-03-27,2809.078607
DREWRY_WCI_USD_FEU,2026-03-28,2809.970067
DREWRY_WCI_USD_FEU,2026-03-29,2855.022205
DREWRY_WCI_USD_FEU,2026-03-30,2857.403773
DREWRY_WCI_USD_FEU,2026-03-31,2882.405379
DREWRY_WCI_USD_FEU,2026-04-01,2873.528615
DREWRY_WCI_USD_FEU,2026-04-02,2932.726652
DREWRY_WCI_USD_FEU,2026-04-03,2916.005263
DREWRY_WCI_USD_FEU,2026-04-04,2885.883862
DREWRY_WCI_USD_FEU,2026-04-05,2834.080902
DREWRY_WCI_USD_FEU,2026-04-06,2770.239658
DREWRY_WCI_USD_FEU,2026-04-07,2877.657075
DREWRY_WCI_USD_FEU,2026-04-08,2790.082672
DREWRY_WCI_USD_FEU,2026-04-09,2821.762458
DREWRY_WCI_USD_FEU,2026-04-10,2839.262880
DREWRY_WCI_USD_FEU,2026-04-11,2792.065915
DREWRY_WCI_USD_FEU,2026-04-12,2824.819942
DREWRY_WCI_USD_FEU,2026-04-13,2872.363349
DREWRY_WCI_USD_FEU,2026-04-14,2959.632989
DREWRY_WCI_USD_FEU,2026-04-15,2942.297632
DREWRY_WCI_USD_FEU,2026-04-16,2905.218588
DREWRY_WCI_USD_FEU,2026-04-17,2879.380348
DREWRY_WCI_USD_FEU,2026-04-18,2903.361393
DREWRY_WCI_USD_FEU,2026-04-19,2904.190508
DREWRY_WCI_USD_FEU,2026-04-20,2958.266639
DREWRY_WCI_USD_FEU,2026-04-21,2989.760021
DREWRY_WCI_USD_FEU,2026-04-22,3007.213257
DREWRY_WCI_USD_FEU,2026-04-23,3054.596202
DREWRY_WCI_USD_FEU,2026-04-24,2992.483935
DREWRY_WCI_USD_FEU,2026-04-25,2949.864110
DREWRY_WCI_USD_FEU,2026-04-26,2958.805020
DREWRY_WCI_USD_FEU,2026-04-27,3018.435708
DREWRY_WCI_USD_FEU,2026-04-28,3006.855658
DREWRY_WCI_USD_FEU,2026-04-29,3008.613163
DREWRY_WCI_USD_FEU,2026-04-30,2955.489938
DREWRY_WCI_USD_FEU,2026-05-01,2966.269208
DREWRY_WCI_USD_FEU,2026-05-02,2922.163550
DREWRY_WCI_USD_FEU,2026-05-03,2909.568119
DREWRY_WCI_USD_FEU,2026-05-04,2839.789720
DREWRY_WCI_USD_FEU,2026-05-05,2916.994408
DREWRY_WCI_USD_FEU,2026-05-06,2809.378550
DREWRY_WCI_USD_FEU,2026-05-07,2837.743262
DREWRY_WCI_USD_FEU,2026-05-08,2796.619003
DREWRY_WCI_USD_FEU,2026-05-09,2838.753079
DREWRY_WCI_USD_FEU,2026-05-10,2767.657571
DREWRY_WCI_USD_FEU,2026-05-11,2761.502519
DREWRY_WCI_USD_FEU,2026-05-12,2810.544228
DREWRY_WCI_USD_FEU,2026-05-13,2782.737384
DREWRY_WCI_USD_FEU,2026-05-14,2764.214321
DREWRY_WCI_USD_FEU,2026-05-15,2768.501352
DREWRY_WCI_USD_FEU,2026-05-16,2712.526316
DREWRY_WCI_USD_FEU,2026-05-17,2758.420491
DREWRY_WCI_USD_FEU,2026-05-18,2752.037865
DREWRY_WCI_USD_FEU,2026-05-19,2726.053699
DREWRY_WCI_USD_FEU,2026-05-20,2755.896088
DREWRY_WCI_USD_FEU,2026-05-21,2831.980754
DREWRY_WCI_USD_FEU,2026-05-22,2760.944773
DREWRY_WCI_USD_FEU,2026-05-23,2747.143475
DREWRY_WCI_USD_FEU,2026-05-24,2795.870839
DREWRY_WCI_USD_FEU,2026-05-25,2783.292808
DREWRY_WCI_USD_FEU,2026-05-26,2762.612621
DREWRY_WCI_USD_FEU,2026-05-27,2766.427184
DREWRY_WCI_USD_FEU,2026-05-28,2791.391092
DREWRY_WCI_USD_FEU,2026-05-29,2733.408655
DREWRY_WCI_USD_FEU,2026-05-30,2802.130549
DREWRY_WCI_USD_FEU,2026-05-31,2790.378619
DREWRY_WCI_USD_FEU,2026-06-01,2770.489738
DREWRY_WCI_USD_FEU,2026-06-02,2815.865558
DREWRY_WCI_USD_FEU,2026-06-03,2820.125159
DREWRY_WCI_USD_FEU,2026-06-04,2850.915733
DREWRY_WCI_USD_FEU,2026-06-05,2880.567116
DREWRY_WCI_USD_FEU,2026-06-06,2889.553330
DREWRY_WCI_USD_FEU,2026-06-07,2953.149053
DREWRY_WCI_USD_FEU,2026-06-08,2972.723382
DREWRY_WCI_USD_FEU,2026-06-09,3015.746530
DREWRY_WCI_USD_FEU,2026-06-10,3084.363729
DREWRY_WCI_USD_FEU,2026-06-11,3057.280338
DREWRY_WCI_USD_FEU,2026-06-12,2999.909271
DREWRY_WCI_USD_FEU,2026-06-13,3010.891511
DREWRY_WCI_USD_FEU,2026-06-14,3000.949731
DREWRY_WCI_USD_FEU,2026-06-15,3035.512566
DREWRY_WCI_USD_FEU,2026-06-16,3107.106503
DREWRY_WCI_USD_FEU,2026-06-17,3136.274228
DREWRY_WCI_USD_FEU,2026-06-18,3137.567421
DREWRY_WCI_USD_FEU,2026-06-19,3123.863434
DREWRY_WCI_USD_FEU,2026-06-20,3079.797939
DREWRY_WCI_USD_FEU,2026-06-21,3060.409438
DREWRY_WCI_USD_FEU,2026-06-22,3069.327287
DREWRY_WCI_USD_FEU,2026-06-23,3045.169874
DREWRY_WCI_USD_FEU,2026-06-24,3058.255923
DREWRY_WCI_USD_FEU,2026-06-25,3117.305519
DREWRY_WCI_USD_FEU,2026-06-26,3118.933261
DREWRY_WCI_USD_FEU,2026-06-27,3142.929135
DREWRY_WCI_USD_FEU,2026-06-28,3241.632500
DREWRY_WCI_USD_FEU,2026-06-29,3302.235247
DREWRY_WCI_USD_FEU,2026-06-30,3316.153316
USD_NOK,2024-08-01,10.514837
USD_NOK,2024-08-02,10.528302
USD_NOK,2024-08-03,10.478650
USD_NOK,2024-08-04,10.449872
USD_NOK,2024-08-05,10.449006
USD_NOK,2024-08-06,10.359803
USD_NOK,2024-08-07,10.375461
USD_NOK,2024-08-08,10.423392
USD_NOK,2024-08-09,10.415235
USD_NOK,2024-08-10,10.435720
USD_NOK,2024-08-11,10.419449
USD_NOK,2024-08-12,10.404491
USD_NOK,2024-08-13,10.491046
USD_NOK,2024-08-14,10.527900
USD_NOK,2024-08-15,10.540032
USD_NOK,2024-08-16,10.575099
USD_NOK,2024-08-17,10.549990
USD_NOK,2024-08-18,10.608468
USD_NOK,2024-08-19,10.604604
USD_NOK,2024-08-20,10.598686
USD_NOK,2024-08-21,10.613518
USD_NOK,2024-08-22,10.652025
USD_NOK,2024-08-23,10.596390
USD_NOK,2024-08-24,10.657788
USD_NOK,2024-08-25,10.726346
USD_NOK,2024-08-26,10.718124
USD_NOK,2024-08-27,10.713109
USD_NOK,2024-08-28,10.664676
USD_NOK,2024-08-29,10.635297
USD_NOK,2024-08-30,10.668068
USD_NOK,2024-08-31,10.682918
USD_NOK,2024-09-01,10.652341
USD_NOK,2024-09-02,10.691162
USD_NOK,2024-09-03,10.617755
USD_NOK,2024-09-04,10.594599
USD_NOK,2024-09-05,10.640328
USD_NOK,2024-09-06,10.641907
USD_NOK,2024-09-07,10.644485
USD_NOK,2024-09-08,10.708371
USD_NOK,2024-09-09,10.669017
USD_NOK,2024-09-10,10.674087
USD_NOK,2024-09-11,10.728045
USD_NOK,2024-09-12,10.686312
USD_NOK,2024-09-13,10.748526
USD_NOK,2024-09-14,10.771205
USD_NOK,2024-09-15,10.774600
USD_NOK,2024-09-16,10.777398
USD_NOK,2024-09-17,10.821260
USD_NOK,2024-09-18,10.855792
USD_NOK,2024-09-19,10.853805
USD_NOK,2024-09-20,10.835871
USD_NOK,2024-09-21,10.808169
USD_NOK,2024-09-22,10.806741
USD_NOK,2024-09-23,10.815382
USD_NOK,2024-09-24,10.814474
USD_NOK,2024-09-25,10.797781
USD_NOK,2024-09-26,10.771351
USD_NOK,2024-09-27,10.780240
USD_NOK,2024-09-28,10.818407
USD_NOK,2024-09-29,10.800908
USD_NOK,2024-09-30,10.838381
USD_NOK,2024-10-01,10.830179
USD_NOK,2024-10-02,10.846810
USD_NOK,2024-10-03,10.842045
USD_NOK,2024-10-04,10.870187
USD_NOK,2024-10-05,10.858687
USD_NOK,2024-10-06,10.869125
USD_NOK,2024-10-07,10.895063
USD_NOK,2024-10-08,10.922547
USD_NOK,2024-10-09,10.911827
USD_NOK,2024-10-10,10.863762
USD_NOK,2024-10-11,10.853169
USD_NOK,2024-10-12,10.767099
USD_NOK,2024-10-13,10.764866
USD_NOK,2024-10-14,10.752461
USD_NOK,2024-10-15,10.752071
USD_NOK,2024-10-16,10.782199
USD_NOK,2024-10-17,10.742367
USD_NOK,2024-10-18,10.749384
USD_NOK,2024-10-19,10.697431
USD_NOK,2024-10-20,10.679810
USD_NOK,2024-10-21,10.694417
USD_NOK,2024-10-22,10.708132
USD_NOK,2024-10-23,10.669962
USD_NOK,2024-10-24,10.739128
USD_NOK,2024-10-25,10.734834
USD_NOK,2024-10-26,10.737931
USD_NOK,2024-10-27,10.780275
USD_NOK,2024-10-28,10.763998
USD_NOK,2024-10-29,10.771187
USD_NOK,2024-10-30,10.752106
USD_NOK,2024-10-31,10.731237
USD_NOK,2024-11-01,10.767895
USD_NOK,2024-11-02,10.787687
USD_NOK,2024-11-03,10.831011
USD_NOK,2024-11-04,10.755994
USD_NOK,2024-11-05,10.782290
USD_NOK,2024-11-06,10.805082
USD_NOK,2024-11-07,10.791533
USD_NOK,2024-11-08,10.828934
USD_NOK,2024-11-09,10.769929
USD_NOK,2024-11-10,10.739623
USD_NOK,2024-11-11,10.759324
USD_NOK,2024-11-12,10.639724
USD_NOK,2024-11-13,10.665887
USD_NOK,2024-11-14,10.696939
USD_NOK,2024-11-15,10.665310
USD_NOK,2024-11-16,10.717339
USD_NOK,2024-11-17,10.771187
USD_NOK,2024-11-18,10.823381
USD_NOK,2024-11-19,10.807686
USD_NOK,2024-11-20,10.780790
USD_NOK,2024-11-21,10.803906
USD_NOK,2024-11-22,10.770561
USD_NOK,2024-11-23,10.823471
USD_NOK,2024-11-24,10.832380
USD_NOK,2024-11-25,10.812757
USD_NOK,2024-11-26,10.824001
USD_NOK,2024-11-27,10.754518
USD_NOK,2024-11-28,10.744146
USD_NOK,2024-11-29,10.766450
USD_NOK,2024-11-30,10.805653
USD_NOK,2024-12-01,10.788759
USD_NOK,2024-12-02,10.791352
USD_NOK,2024-12-03,10.794228
USD_NOK,2024-12-04,10.851628
USD_NOK,2024-12-05,10.822310
USD_NOK,2024-12-06,10.883396
USD_NOK,2024-12-07,10.829168
USD_NOK,2024-12-08,10.776336
USD_NOK,2024-12-09,10.691982
USD_NOK,2024-12-10,10.602773
USD_NOK,2024-12-11,10.576901
USD_NOK,2024-12-12,10.543332
USD_NOK,2024-12-13,10.527395
USD_NOK,2024-12-14,10.518574
USD_NOK,2024-12-15,10.530027
USD_NOK,2024-12-16,10.556717
USD_NOK,2024-12-17,10.598875
USD_NOK,2024-12-18,10.566932
USD_NOK,2024-12-19,10.515078
USD_NOK,2024-12-20,10.509931
USD_NOK,2024-12-21,10.527765
USD_NOK,2024-12-22,10.498582
USD_NOK,2024-12-23,10.502820
USD_NOK,2024-12-24,10.505594
USD_NOK,2024-12-25,10.592838
USD_NOK,2024-12-26,10.644100
USD_NOK,2024-12-27,10.624072
USD_NOK,2024-12-28,10.654537
USD_NOK,2024-12-29,10.675227
USD_NOK,2024-12-30,10.605011
USD_NOK,2024-12-31,10.663727
USD_NOK,2025-01-01,10.621235
USD_NOK,2025-01-02,10.587369
USD_NOK,2025-01-03,10.593053
USD_NOK,2025-01-04,10.655709
USD_NOK,2025-01-05,10.624320
USD_NOK,2025-01-06,10.744361
USD_NOK,2025-01-07,10.689506
USD_NOK,2025-01-08,10.671484
USD_NOK,2025-01-09,10.638807
USD_NOK,2025-01-10,10.638981
USD_NOK,2025-01-11,10.769045
USD_NOK,2025-01-12,10.678510
USD_NOK,2025-01-13,10.685901
USD_NOK,2025-01-14,10.727113
USD_NOK,2025-01-15,10.749024
USD_NOK,2025-01-16,10.746625
USD_NOK,2025-01-17,10.758517
USD_NOK,2025-01-18,10.800584
USD_NOK,2025-01-19,10.796556
USD_NOK,2025-01-20,10.794889
USD_NOK,2025-01-21,10.774210
USD_NOK,2025-01-22,10.715144
USD_NOK,2025-01-23,10.666384
USD_NOK,2025-01-24,10.609907
USD_NOK,2025-01-25,10.546649
USD_NOK,2025-01-26,10.470568
USD_NOK,2025-01-27,10.473126
USD_NOK,2025-01-28,10.506069
USD_NOK,2025-01-29,10.445310
USD_NOK,2025-01-30,10.459253
USD_NOK,2025-01-31,10.511461
USD_NOK,2025-02-01,10.458064
USD_NOK,2025-02-02,10.482980
USD_NOK,2025-02-03,10.482660
USD_NOK,2025-02-04,10.509359
USD_NOK,2025-02-05,10.591194
USD_NOK,2025-02-06,10.565002
USD_NOK,2025-02-07,10.536969
USD_NOK,2025-02-08,10.515279
USD_NOK,2025-02-09,10.470834
USD_NOK,2025-02-10,10.405183
USD_NOK,2025-02-11,10.425995
USD_NOK,2025-02-12,10.438418
USD_NOK,2025-02-13,10.431639
USD_NOK,2025-02-14,10.339188
USD_NOK,2025-02-15,10.321394
USD_NOK,2025-02-16,10.257062
USD_NOK,2025-02-17,10.252193
USD_NOK,2025-02-18,10.269192
USD_NOK,2025-02-19,10.257917
USD_NOK,2025-02-20,10.233821
USD_NOK,2025-02-21,10.229357
USD_NOK,2025-02-22,10.201624
USD_NOK,2025-02-23,10.161523
USD_NOK,2025-02-24,10.160076
USD_NOK,2025-02-25,10.152450
USD_NOK,2025-02-26,10.184816
USD_NOK,2025-02-27,10.128076
USD_NOK,2025-02-28,10.187947
USD_NOK,2025-03-01,10.131562
USD_NOK,2025-03-02,10.163874
USD_NOK,2025-03-03,10.180464
USD_NOK,2025-03-04,10.158344
USD_NOK,2025-03-05,10.182659
USD_NOK,2025-03-06,10.146676
USD_NOK,2025-03-07,10.205392
USD_NOK,2025-03-08,10.183645
USD_NOK,2025-03-09,10.146299
USD_NOK,2025-03-10,10.155937
USD_NOK,2025-03-11,10.124141
USD_NOK,2025-03-12,10.064497
USD_NOK,2025-03-13,10.038685
USD_NOK,2025-03-14,10.008156
USD_NOK,2025-03-15,10.015104
USD_NOK,2025-03-16,9.958152
USD_NOK,2025-03-17,9.972684
USD_NOK,2025-03-18,9.933937
USD_NOK,2025-03-19,9.911298
USD_NOK,2025-03-20,10.001693
USD_NOK,2025-03-21,10.055662
USD_NOK,2025-03-22,10.031160
USD_NOK,2025-03-23,9.978490
USD_NOK,2025-03-24,10.003674
USD_NOK,2025-03-25,10.024157
USD_NOK,2025-03-26,9.986657
USD_NOK,2025-03-27,9.995733
USD_NOK,2025-03-28,9.993411
USD_NOK,2025-03-29,10.005711
USD_NOK,2025-03-30,10.000479
USD_NOK,2025-03-31,9.990733
USD_NOK,2025-04-01,9.953277
USD_NOK,2025-04-02,9.924917
USD_NOK,2025-04-03,9.918670
USD_NOK,2025-04-04,9.894469
USD_NOK,2025-04-05,9.901097
USD_NOK,2025-04-06,9.862799
USD_NOK,2025-04-07,9.922553
USD_NOK,2025-04-08,9.938687
USD_NOK,2025-04-09,9.942211
USD_NOK,2025-04-10,9.903276
USD_NOK,2025-04-11,9.923885
USD_NOK,2025-04-12,9.894253
USD_NOK,2025-04-13,9.857586
USD_NOK,2025-04-14,9.901395
USD_NOK,2025-04-15,9.906091
USD_NOK,2025-04-16,9.859791
USD_NOK,2025-04-17,9.895173
USD_NOK,2025-04-18,9.901092
USD_NOK,2025-04-19,9.904237
USD_NOK,2025-04-20,9.916277
USD_NOK,2025-04-21,9.918337
USD_NOK,2025-04-22,9.874093
USD_NOK,2025-04-23,9.889516
USD_NOK,2025-04-24,9.931615
USD_NOK,2025-04-25,9.848964
USD_NOK,2025-04-26,9.839676
USD_NOK,2025-04-27,9.879360
USD_NOK,2025-04-28,9.937332
USD_NOK,2025-04-29,9.937307
USD_NOK,2025-04-30,9.941794
USD_NOK,2025-05-01,10.008574
USD_NOK,2025-05-02,10.007085
USD_NOK,2025-05-03,10.066675
USD_NOK,2025-05-04,10.058318
USD_NOK,2025-05-05,10.080280
USD_NOK,2025-05-06,10.113787
USD_NOK,2025-05-07,10.066859
USD_NOK,2025-05-08,10.126594
USD_NOK,2025-05-09,10.084578
USD_NOK,2025-05-10,10.005429
USD_NOK,2025-05-11,10.024138
USD_NOK,2025-05-12,10.034258
USD_NOK,2025-05-13,10.008608
USD_NOK,2025-05-14,10.152697
USD_NOK,2025-05-15,10.190733
USD_NOK,2025-05-16,10.157557
USD_NOK,2025-05-17,10.182004
USD_NOK,2025-05-18,10.205141
USD_NOK,2025-05-19,10.190943
USD_NOK,2025-05-20,10.183872
USD_NOK,2025-05-21,10.076258
USD_NOK,2025-05-22,10.083409
USD_NOK,2025-05-23,10.036717
USD_NOK,2025-05-24,10.075734
USD_NOK,2025-05-25,10.096485
USD_NOK,2025-05-26,10.095679
USD_NOK,2025-05-27,10.094261
USD_NOK,2025-05-28,10.103358
USD_NOK,2025-05-29,10.151510
USD_NOK,2025-05-30,10.136147
USD_NOK,2025-05-31,10.177845
USD_NOK,2025-06-01,10.130607
USD_NOK,2025-06-02,10.135492
USD_NOK,2025-06-03,10.133372
USD_NOK,2025-06-04,10.109907
USD_NOK,2025-06-05,10.139968
USD_NOK,2025-06-06,10.131938
USD_NOK,2025-06-07,10.045852
USD_NOK,2025-06-08,10.085558
USD_NOK,2025-06-09,10.117103
USD_NOK,2025-06-10,10.098795
USD_NOK,2025-06-11,10.116361
USD_NOK,2025-06-12,10.165466
USD_NOK,2025-06-13,10.151190
USD_NOK,2025-06-14,10.098720
USD_NOK,2025-06-15,10.095643
USD_NOK,2025-06-16,10.102260
USD_NOK,2025-06-17,10.117181
USD_NOK,2025-06-18,10.087744
USD_NOK,2025-06-19,10.136183
USD_NOK,2025-06-20,10.126548
USD_NOK,2025-06-21,10.142131
USD_NOK,2025-06-22,10.174451
USD_NOK,2025-06-23,10.117173
USD_NOK,2025-06-24,10.098633
USD_NOK,2025-06-25,10.101047
USD_NOK,2025-06-26,10.114410
USD_NOK,2025-06-27,10.044876
USD_NOK,2025-06-28,10.028543
USD_NOK,2025-06-29,10.017015
USD_NOK,2025-06-30,9.949199
USD_NOK,2025-07-01,9.911039
USD_NOK,2025-07-02,9.937864
USD_NOK,2025-07-03,9.940716
USD_NOK,2025-07-04,9.923171
USD_NOK,2025-07-05,9.909092
USD_NOK,2025-07-06,9.866672
USD_NOK,2025-07-07,9.855957
USD_NOK,2025-07-08,9.907300
USD_NOK,2025-07-09,9.881715
USD_NOK,2025-07-10,9.878873
USD_NOK,2025-07-11,9.876302
USD_NOK,2025-07-12,9.919916
USD_NOK,2025-07-13,9.929834
USD_NOK,2025-07-14,9.934196
USD_NOK,2025-07-15,9.915451
USD_NOK,2025-07-16,9.922012
USD_NOK,2025-07-17,9.940313
USD_NOK,2025-07-18,9.971203
USD_NOK,2025-07-19,9.981239
USD_NOK,2025-07-20,9.976676
USD_NOK,2025-07-21,9.986925
USD_NOK,2025-07-22,10.018203
USD_NOK,2025-07-23,9.998862
USD_NOK,2025-07-24,10.000365
USD_NOK,2025-07-25,10.045565
USD_NOK,2025-07-26,10.046171
USD_NOK,2025-07-27,10.072799
USD_NOK,2025-07-28,10.091466
USD_NOK,2025-07-29,10.138858
USD_NOK,2025-07-30,10.173698
USD_NOK,2025-07-31,10.280646
USD_NOK,2025-08-01,10.312419
USD_NOK,2025-08-02,10.421028
USD_NOK,2025-08-03,10.406125
USD_NOK,2025-08-04,10.439132
USD_NOK,2025-08-05,10.431493
USD_NOK,2025-08-06,10.451622
USD_NOK,2025-08-07,10.490677
USD_NOK,2025-08-08,10.526777
USD_NOK,2025-08-09,10.494195
USD_NOK,2025-08-10,10.565877
USD_NOK,2025-08-11,10.581978
USD_NOK,2025-08-12,10.631274
USD_NOK,2025-08-13,10.717541
USD_NOK,2025-08-14,10.704610
USD_NOK,2025-08-15,10.729447
USD_NOK,2025-08-16,10.730917
USD_NOK,2025-08-17,10.717398
USD_NOK,2025-08-18,10.707169
USD_NOK,2025-08-19,10.664443
USD_NOK,2025-08-20,10.676772
USD_NOK,2025-08-21,10.720653
USD_NOK,2025-08-22,10.741315
USD_NOK,2025-08-23,10.769418
USD_NOK,2025-08-24,10.768419
USD_NOK,2025-08-25,10.773748
USD_NOK,2025-08-26,10.818243
USD_NOK,2025-08-27,10.756302
USD_NOK,2025-08-28,10.784642
USD_NOK,2025-08-29,10.819822
USD_NOK,2025-08-30,10.757157
USD_NOK,2025-08-31,10.766671
USD_NOK,2025-09-01,10.795325
USD_NOK,2025-09-02,10.870588
USD_NOK,2025-09-03,10.885313
USD_NOK,2025-09-04,10.833492
USD_NOK,2025-09-05,10.794840
USD_NOK,2025-09-06,10.764717
USD_NOK,2025-09-07,10.745589
USD_NOK,2025-09-08,10.750380
USD_NOK,2025-09-09,10.751161
USD_NOK,2025-09-10,10.726729
USD_NOK,2025-09-11,10.725132
USD_NOK,2025-09-12,10.686339
USD_NOK,2025-09-13,10.708037
USD_NOK,2025-09-14,10.743639
USD_NOK,2025-09-15,10.780548
USD_NOK,2025-09-16,10.761513
USD_NOK,2025-09-17,10.803079
USD_NOK,2025-09-18,10.828174
USD_NOK,2025-09-19,10.784674
USD_NOK,2025-09-20,10.851682
USD_NOK,2025-09-21,10.891496
USD_NOK,2025-09-22,10.850166
USD_NOK,2025-09-23,10.874684
USD_NOK,2025-09-24,10.868991
USD_NOK,2025-09-25,10.892688
USD_NOK,2025-09-26,10.904778
USD_NOK,2025-09-27,10.893188
USD_NOK,2025-09-28,10.941275
USD_NOK,2025-09-29,10.967974
USD_NOK,2025-09-30,10.904703
USD_NOK,2025-10-01,10.886452
USD_NOK,2025-10-02,10.991095
USD_NOK,2025-10-03,11.013975
USD_NOK,2025-10-04,11.037501
USD_NOK,2025-10-05,11.022036
USD_NOK,2025-10-06,11.047374
USD_NOK,2025-10-07,11.073845
USD_NOK,2025-10-08,11.069529
USD_NOK,2025-10-09,11.065586
USD_NOK,2025-10-10,11.052837
USD_NOK,2025-10-11,11.067474
USD_NOK,2025-10-12,11.040399
USD_NOK,2025-10-13,11.036661
USD_NOK,2025-10-14,10.993786
USD_NOK,2025-10-15,10.947527
USD_NOK,2025-10-16,10.989212
USD_NOK,2025-10-17,11.017833
USD_NOK,2025-10-18,11.035362
USD_NOK,2025-10-19,11.064180
USD_NOK,2025-10-20,11.055380
USD_NOK,2025-10-21,11.100952
USD_NOK,2025-10-22,11.093688
USD_NOK,2025-10-23,11.138574
USD_NOK,2025-10-24,11.121832
USD_NOK,2025-10-25,11.154318
USD_NOK,2025-10-26,11.202128
USD_NOK,2025-10-27,11.253900
USD_NOK,2025-10-28,11.314353
USD_NOK,2025-10-29,11.329828
USD_NOK,2025-10-30,11.357950
USD_NOK,2025-10-31,11.355387
USD_NOK,2025-11-01,11.396216
USD_NOK,2025-11-02,11.426551
USD_NOK,2025-11-03,11.410318
USD_NOK,2025-11-04,11.467392
USD_NOK,2025-11-05,11.477170
USD_NOK,2025-11-06,11.422661
USD_NOK,2025-11-07,11.400744
USD_NOK,2025-11-08,11.342160
USD_NOK,2025-11-09,11.272707
USD_NOK,2025-11-10,11.299719
USD_NOK,2025-11-11,11.295570
USD_NOK,2025-11-12,11.234278
USD_NOK,2025-11-13,11.191362
USD_NOK,2025-11-14,11.169742
USD_NOK,2025-11-15,11.179310
USD_NOK,2025-11-16,11.199258
USD_NOK,2025-11-17,11.251601
USD_NOK,2025-11-18,11.261484
USD_NOK,2025-11-19,11.286723
USD_NOK,2025-11-20,11.246590
USD_NOK,2025-11-21,11.229592
USD_NOK,2025-11-22,11.220656
USD_NOK,2025-11-23,11.166943
USD_NOK,2025-11-24,11.148302
USD_NOK,2025-11-25,11.034421
USD_NOK,2025-11-26,10.980946
USD_NOK,2025-11-27,11.025343
USD_NOK,2025-11-28,10.971291
USD_NOK,2025-11-29,10.942389
USD_NOK,2025-11-30,10.961356
USD_NOK,2025-12-01,10.950114
USD_NOK,2025-12-02,10.902807
USD_NOK,2025-12-03,10.884498
USD_NOK,2025-12-04,10.851496
USD_NOK,2025-12-05,10.834022
USD_NOK,2025-12-06,10.825395
USD_NOK,2025-12-07,10.786141
USD_NOK,2025-12-08,10.776691
USD_NOK,2025-12-09,10.809328
USD_NOK,2025-12-10,10.736262
USD_NOK,2025-12-11,10.780498
USD_NOK,2025-12-12,10.773389
USD_NOK,2025-12-13,10.710505
USD_NOK,2025-12-14,10.711648
USD_NOK,2025-12-15,10.770695
USD_NOK,2025-12-16,10.735354
USD_NOK,2025-12-17,10.729194
USD_NOK,2025-12-18,10.704077
USD_NOK,2025-12-19,10.741771
USD_NOK,2025-12-20,10.794127
USD_NOK,2025-12-21,10.839041
USD_NOK,2025-12-22,10.767743
USD_NOK,2025-12-23,10.784166
USD_NOK,2025-12-24,10.804893
USD_NOK,2025-12-25,10.756911
USD_NOK,2025-12-26,10.883807
USD_NOK,2025-12-27,10.945768
USD_NOK,2025-12-28,10.942558
USD_NOK,2025-12-29,10.883586
USD_NOK,2025-12-30,10.888121
USD_NOK,2025-12-31,10.821830
USD_NOK,2026-01-01,10.810310
USD_NOK,2026-01-02,10.733329
USD_NOK,2026-01-03,10.770809
USD_NOK,2026-01-04,10.756285
USD_NOK,2026-01-05,10.746399
USD_NOK,2026-01-06,10.784296
USD_NOK,2026-01-07,10.888600
USD_NOK,2026-01-08,10.947165
USD_NOK,2026-01-09,10.942404
USD_NOK,2026-01-10,11.025319
USD_NOK,2026-01-11,10.957745
USD_NOK,2026-01-12,10.970902
USD_NOK,2026-01-13,10.954385
USD_NOK,2026-01-14,10.955080
USD_NOK,2026-01-15,10.935474
USD_NOK,2026-01-16,10.879061
USD_NOK,2026-01-17,10.909502
USD_NOK,2026-01-18,10.886575
USD_NOK,2026-01-19,10.865952
USD_NOK,2026-01-20,10.786626
USD_NOK,2026-01-21,10.742908
USD_NOK,2026-01-22,10.715499
USD_NOK,2026-01-23,10.675714
USD_NOK,2026-01-24,10.656028
USD_NOK,2026-01-25,10.682223
USD_NOK,2026-01-26,10.634908
USD_NOK,2026-01-27,10.642622
USD_NOK,2026-01-28,10.673029
USD_NOK,2026-01-29,10.599479
USD_NOK,2026-01-30,10.609983
USD_NOK,2026-01-31,10.606680
USD_NOK,2026-02-01,10.618721
USD_NOK,2026-02-02,10.643922
USD_NOK,2026-02-03,10.681654
USD_NOK,2026-02-04,10.657285
USD_NOK,2026-02-05,10.660089
USD_NOK,2026-02-06,10.656824
USD_NOK,2026-02-07,10.628824
USD_NOK,2026-02-08,10.646642
USD_NOK,2026-02-09,10.658100
USD_NOK,2026-02-10,10.646492
USD_NOK,2026-02-11,10.661307
USD_NOK,2026-02-12,10.595713
USD_NOK,2026-02-13,10.575034
USD_NOK,2026-02-14,10.510766
USD_NOK,2026-02-15,10.495339
USD_NOK,2026-02-16,10.438889
USD_NOK,2026-02-17,10.534752
USD_NOK,2026-02-18,10.507179
USD_NOK,2026-02-19,10.478377
USD_NOK,2026-02-20,10.513552
USD_NOK,2026-02-21,10.511614
USD_NOK,2026-02-22,10.503476
USD_NOK,2026-02-23,10.524118
USD_NOK,2026-02-24,10.457707
USD_NOK,2026-02-25,10.419837
USD_NOK,2026-02-26,10.395966
USD_NOK,2026-02-27,10.396614
USD_NOK,2026-02-28,10.366693
USD_NOK,2026-03-01,10.447382
USD_NOK,2026-03-02,10.455757
USD_NOK,2026-03-03,10.413204
USD_NOK,2026-03-04,10.441023
USD_NOK,2026-03-05,10.472104
USD_NOK,2026-03-06,10.524656
USD_NOK,2026-03-07,10.528963
USD_NOK,2026-03-08,10.562806
USD_NOK,2026-03-09,10.556441
USD_NOK,2026-03-10,10.455380
USD_NOK,2026-03-11,10.517659
USD_NOK,2026-03-12,10.504211
USD_NOK,2026-03-13,10.479025
USD_NOK,2026-03-14,10.460045
USD_NOK,2026-03-15,10.389443
USD_NOK,2026-03-16,10.361329
USD_NOK,2026-03-17,10.407971
USD_NOK,2026-03-18,10.435528
USD_NOK,2026-03-19,10.415241
USD_NOK,2026-03-20,10.438492
USD_NOK,2026-03-21,10.428788
USD_NOK,2026-03-22,10.525333
USD_NOK,2026-03-23,10.553430
USD_NOK,2026-03-24,10.508846
USD_NOK,2026-03-25,10.487589
USD_NOK,2026-03-26,10.505803
USD_NOK,2026-03-27,10.445171
USD_NOK,2026-03-28,10.514662
USD_NOK,2026-03-29,10.552706
USD_NOK,2026-03-30,10.536065
USD_NOK,2026-03-31,10.606031
USD_NOK,2026-04-01,10.627098
USD_NOK,2026-04-02,10.618138
USD_NOK,2026-04-03,10.609028
USD_NOK,2026-04-04,10.589472
USD_NOK,2026-04-05,10.568369
USD_NOK,2026-04-06,10.528471
USD_NOK,2026-04-07,10.498219
USD_NOK,2026-04-08,10.503214
USD_NOK,2026-04-09,10.548478
USD_NOK,2026-04-10,10.521902
USD_NOK,2026-04-11,10.491606
USD_NOK,2026-04-12,10.462650
USD_NOK,2026-04-13,10.461841
USD_NOK,2026-04-14,10.448956
USD_NOK,2026-04-15,10.418369
USD_NOK,2026-04-16,10.403257
USD_NOK,2026-04-17,10.363782
USD_NOK,2026-04-18,10.309011
USD_NOK,2026-04-19,10.390370
USD_NOK,2026-04-20,10.367014
USD_NOK,2026-04-21,10.328895
USD_NOK,2026-04-22,10.332161
USD_NOK,2026-04-23,10.323193
USD_NOK,2026-04-24,10.384920
USD_NOK,2026-04-25,10.396940
USD_NOK,2026-04-26,10.340033
USD_NOK,2026-04-27,10.317348
USD_NOK,2026-04-28,10.368886
USD_NOK,2026-04-29,10.362826
USD_NOK,2026-04-30,10.339255
USD_NOK,2026-05-01,10.328670
USD_NOK,2026-05-02,10.347015
USD_NOK,2026-05-03,10.328877
USD_NOK,2026-05-04,10.279193
USD_NOK,2026-05-05,10.301128
USD_NOK,2026-05-06,10.284075
USD_NOK,2026-05-07,10.291080
USD_NOK,2026-05-08,10.304202
USD_NOK,2026-05-09,10.276179
USD_NOK,2026-05-10,10.251654
USD_NOK,2026-05-11,10.279521
USD_NOK,2026-05-12,10.233543
USD_NOK,2026-05-13,10.276052
USD_NOK,2026-05-14,10.314563
USD_NOK,2026-05-15,10.343322
USD_NOK,2026-05-16,10.337827
USD_NOK,2026-05-17,10.365996
USD_NOK,2026-05-18,10.346783
USD_NOK,2026-05-19,10.368541
USD_NOK,2026-05-20,10.348642
USD_NOK,2026-05-21,10.427166
USD_NOK,2026-05-22,10.436781
USD_NOK,2026-05-23,10.474238
USD_NOK,2026-05-24,10.549815
USD_NOK,2026-05-25,10.533039
USD_NOK,2026-05-26,10.512198
USD_NOK,2026-05-27,10.443396
USD_NOK,2026-05-28,10.557648
USD_NOK,2026-05-29,10.563616
USD_NOK,2026-05-30,10.583581
USD_NOK,2026-05-31,10.577940
USD_NOK,2026-06-01,10.627845
USD_NOK,2026-06-02,10.610903
USD_NOK,2026-06-03,10.637005
USD_NOK,2026-06-04,10.680660
USD_NOK,2026-06-05,10.772821
USD_NOK,2026-06-06,10.805820
USD_NOK,2026-06-07,10.778760
USD_NOK,2026-06-08,10.782906
USD_NOK,2026-06-09,10.890288
USD_NOK,2026-06-10,10.896508
USD_NOK,2026-06-11,10.883880
USD_NOK,2026-06-12,10.864051
USD_NOK,2026-06-13,10.901145
USD_NOK,2026-06-14,10.865770
USD_NOK,2026-06-15,10.831035
USD_NOK,2026-06-16,10.925789
USD_NOK,2026-06-17,10.925387
USD_NOK,2026-06-18,10.963409
USD_NOK,2026-06-19,10.998486
USD_NOK,2026-06-20,11.025319
USD_NOK,2026-06-21,11.042440
USD_NOK,2026-06-22,10.995624
USD_NOK,2026-06-23,11.050328
USD_NOK,2026-06-24,11.008338
USD_NOK,2026-06-25,11.041080
USD_NOK,2026-06-26,11.022775
USD_NOK,2026-06-27,11.106027
USD_NOK,2026-06-28,11.168813
USD_NOK,2026-06-29,11.102179
USD_NOK,2026-06-30,11.098579
